Business Name,Phone,Email,Website,City,ZIP,Google Category,Rating,Reviews,Source Search,Qualification Status,Qualification Reason,Service Type,Confidence,Primary Region,City/Location Note,Ownership Type,Ownership Confidence,Ownership Notes,Outreach Priority,Priority Reason,Data Status,Google Maps URL
303 Demolition & Junk Removal,(720) 325-7332,303demolition@gmail.com,https://303demolition.com/,,,Demolition contractor,5,145,Commercial Dumpster Rental,Not Qualified,Business name indicates non-dumpster service,N/A,High,Denver Metro,(303/720 area code),Local Independent,Low,Single-location branding; ownership not independently confirmed,D,Disqualified — not a roll-off dumpster rental provider,Public listing — not yet confirmed by provider,https://www.google.com/maps/search/?api=1\&query=303%20Demolition%20%26%20Junk%20Removal\&query\_place\_id=ChIJM9Y-aHTBZUURhyyf4SlxKT0
Affordable Roll-Offs LLC,(720) 295-7789,Sales@affordablerolloffs.com,https://www.affordablerolloffs.com/,,,Dumpster rental service,4.7,99,Both,Qualified,"""Dumpster rental service"" category + roll-off search source",Roll-Off Dumpster Rental,High,Denver Metro,(303/720 area code),Local Independent,Low,Single-location branding; ownership not independently confirmed,A,Qualified + email + strong reviews (4.5+/30+ or 100+) + local/regional ownership,Public listing — not yet confirmed by provider,https://www.google.com/maps/search/?api=1\&query=Affordable%20Roll-Offs%20LLC\&query\_place\_id=ChIJJ6zPwPaJa4cRkOO7\_XMIdyo
Altapeak Rolloffs,(303) 718-1298,customerservice@altapeakrolloffs.com,http://www.altapeakrolloffs.com/,,,Waste management service,4.9,7,Roll Off Dumpster Rental,Qualified,Roll-off search source + qualifying business name,Roll-Off Dumpster Rental,Medium,Denver Metro,(303/720 area code),Local Independent,Low,Single-location branding; ownership not independently confirmed,B,Qualified + email contact available,Public listing — not yet confirmed by provider,https://www.google.com/maps/search/?api=1\&query=Altapeak%20Rolloffs\&query\_place\_id=ChIJYeP8rxlvbIcR7spPmrluReI
Altitude Hauling,(303) 459-2255,brandon@altitudehauling.com,http://altitudehauling.com/?utm\_source=google\&utm\_medium=organic\&utm\_campaign=gmb,,,Junk removal service,5,933,Roll Off Dumpster Rental,Qualified,Roll-off search source + qualifying business name,Roll-Off Dumpster Rental,Medium,Denver Metro,(303/720 area code),Local Independent,Low,Single-location branding; ownership not independently confirmed,A,Qualified + email + strong reviews (4.5+/30+ or 100+) + local/regional ownership,Public listing — not yet confirmed by provider,https://www.google.com/maps/search/?api=1\&query=Altitude%20Hauling\&query\_place\_id=ChIJuaE4aY91bIcRd1PfJ\_Qbe9g
Apex Express & Waste Solutions,(505) 578-1574,WASTESOLUTIONS@APEXSOLLC.COM,https://www.apexwastesolution.com/,,,Dumpster rental service,5,57,Both,Qualified,"""Dumpster rental service"" category + roll-off search source",Roll-Off Dumpster Rental,High,Unknown/Statewide,City not listed,Local Independent,Low,Single-location branding; ownership not independently confirmed,A,Qualified + email + strong reviews (4.5+/30+ or 100+) + local/regional ownership,Public listing — not yet confirmed by provider,https://www.google.com/maps/search/?api=1\&query=Apex%20Express%20%26%20Waste%20Solutions\&query\_place\_id=ChIJycSSh9YXPIcRLEEIlbu5Hr4
ASL Dumpsters LLC,(303) 981-2288,info@asldumpster.com,http://asldumpster.com/,,,Dumpster rental service,5,223,Both,Qualified,"""Dumpster rental service"" category + roll-off search source",Roll-Off Dumpster Rental,High,Denver Metro,(303/720 area code),Local Independent,Low,Single-location branding; ownership not independently confirmed,A,Qualified + email + strong reviews (4.5+/30+ or 100+) + local/regional ownership,Public listing — not yet confirmed by provider,https://www.google.com/maps/search/?api=1\&query=ASL%20Dumpsters%20LLC\&query\_place\_id=ChIJp6xvGAhrtAwRtu3sa1xofk8
B. Solutions,(719) 491-6977,Denbell1@hotmail.com,https://bsolutionsllc.co/,,,Dumpster rental service,5,17,Roll Off Dumpster Rental,Qualified,"""Dumpster rental service"" category + roll-off search source",Roll-Off Dumpster Rental,High,CO Springs/Pikes Peak,(719 area code),Local Independent,Low,Single-location branding; ownership not independently confirmed,B,Qualified + email contact available,Public listing — not yet confirmed by provider,https://www.google.com/maps/search/?api=1\&query=B.%20Solutions\&query\_place\_id=ChIJyXKpfSEzbYcRHhLz93CqCxo
Bargain Bins LLC - Dumpster Rentals,(719) 527-1301,azev@bargainbins.com; denver@bargainbins.com; rental@bargainbins.com,http://www.bargainbins.com/,,,Dumpster rental service,5,2076,Both,Qualified,"""Dumpster rental service"" category + roll-off search source",Roll-Off Dumpster Rental,High,CO Springs/Pikes Peak,(719 area code),Regional Independent,Low,Multiple contact emails + high review volume suggests multi-location,A,Qualified + email + strong reviews (4.5+/30+ or 100+) + local/regional ownership,Public listing — not yet confirmed by provider,https://www.google.com/maps/search/?api=1\&query=Bargain%20Bins%20LLC%20-%20Dumpster%20Rentals\&query\_place\_id=ChIJE6OyQBqxbIcR4b7oVE5PnRA
Bear Foot Junk Removal LLC,(720) 261-8820,bearfootjunkremoval@gmail.com; bearfootpreservation@gmail.com,http://bearfootjunkremoval.com/,,,Waste management service,4.7,27,Roll Off Dumpster Rental,Qualified,Roll-off search source + qualifying business name,Roll-Off Dumpster Rental,Medium,Denver Metro,(303/720 area code),Local Independent,Low,Single-location branding; ownership not independently confirmed,B,Qualified + email contact available,Public listing — not yet confirmed by provider,https://www.google.com/maps/search/?api=1\&query=Bear%20Foot%20Junk%20Removal%20LLC\&query\_place\_id=ChIJncfUIuATa4cRAZe82waGKiY
Big Red Hauls,(719) 299-1733,BigRedHauls@gmail.com,http://www.bigredhauls.com/,,,Waste management service,4.9,34,Both,Maybe,"""Waste management service"" category — may include roll-off",Possible Waste/Dumpster,Low,CO Springs/Pikes Peak,(719 area code),Local Independent,Low,Single-location branding; ownership not independently confirmed,C,Maybe classification + email — verify roll-off service before outreach,Public listing — not yet confirmed by provider,https://www.google.com/maps/search/?api=1\&query=Big%20Red%20Hauls\&query\_place\_id=ChIJrfgyL-FOE4cRZiHEQQw3hCg
Black Dog Disposal LLC,(970) 505-0722,blackdogdisposal@gmail.com,https://blackdogdisposal.com/,,,Dumpster rental service,5,13,Commercial Dumpster Rental,Qualified,Google category: Dumpster rental service,Dumpster Rental,High,Northern Colorado,(970 area code — N.CO or W.Slope),Local Independent,Low,Single-location branding; ownership not independently confirmed,B,Qualified + email contact available,Public listing — not yet confirmed by provider,https://www.google.com/maps/search/?api=1\&query=Black%20Dog%20Disposal%20LLC\&query\_place\_id=ChIJ9WTisD07\_isR5P7XVifecGY
Blessed Are We LLC,(720) 527-0100,blessedareweservices@gmail.com,http://blessedareweservices.com/,,,Waste management service,5,518,Both,Maybe,"""Waste management service"" category — may include roll-off",Possible Waste/Dumpster,Low,Denver Metro,(303/720 area code),Local Independent,Low,Single-location branding; ownership not independently confirmed,C,Maybe classification + email — verify roll-off service before outreach,Public listing — not yet confirmed by provider,https://www.google.com/maps/search/?api=1\&query=Blessed%20Are%20We%20LLC\&query\_place\_id=ChIJIV\_P3gt3bIcRMwM0-JTX4e4
Blue J's Services Dumpster Rental,(970) 203-4404,bluejsservicesllc@gmail.com,http://www.bluejsservicesllc.com/,,,Dumpster rental service,5,73,Roll Off Dumpster Rental,Qualified,"""Dumpster rental service"" category + roll-off search source",Roll-Off Dumpster Rental,High,Northern Colorado,(970 area code — N.CO or W.Slope),Local Independent,Low,Single-location branding; ownership not independently confirmed,A,Qualified + email + strong reviews (4.5+/30+ or 100+) + local/regional ownership,Public listing — not yet confirmed by provider,https://www.google.com/maps/search/?api=1\&query=Blue%20J's%20Services%20Dumpster%20Rental\&query\_place\_id=ChIJN1-ZKYSMpQURuv8dCK-3dYo
Brighton's Best Roll Off,(303) 718-0080,brightonsbest1@gmail.com,https://www.brightonsbestrolloff.com/,,,Waste management service,5,8,Roll Off Dumpster Rental,Qualified,Roll-off search source + qualifying business name,Roll-Off Dumpster Rental,Medium,Denver Metro,Brighton (from name),Local Independent,Low,Single-location branding; ownership not independently confirmed,B,Qualified + email contact available,Public listing — not yet confirmed by provider,https://www.google.com/maps/search/?api=1\&query=Brighton's%20Best%20Roll%20Off\&query\_place\_id=ChIJY3BvrH1rbIcROJHdyfwirCc
Budget Dumpster (Denver),(720) 418-7047,marketing@budgetdumpster.com,https://www.budgetdumpster.com/locations/budget-dumpster-denver-dumpster-rental.php?utm\_campaign=denver-co\_local\&utm\_medium=organic\&utm\_source=gbp,,,Dumpster rental service,4.4,128,Both,Not Qualified,National broker/lead-gen marketplace — not a direct rental provider,Broker,High,Denver Metro,(303/720 area code),Broker/Lead Gen/Marketplace,High,Known broker or marketplace brand,D,Disqualified — not a roll-off dumpster rental provider,Public listing — not yet confirmed by provider,https://www.google.com/maps/search/?api=1\&query=Budget%20Dumpster%20(Denver)\&query\_place\_id=ChIJF7wGnHSVf04RLjKcufOnHdU
Centennial State Waste & Recycling,(720) 289-4589,mymail@mailservice.com; csrolloffs.co@gmail.com; office@csrwaste.com,https://www.csrwaste.com/,,,Dumpster rental service,5,22,Roll Off Dumpster Rental,Not Qualified,Business name indicates non-dumpster service,N/A,High,Denver Metro,Centennial (from name),Local Independent,Low,Single-location branding; ownership not independently confirmed,D,Disqualified — not a roll-off dumpster rental provider,Public listing — not yet confirmed by provider,https://www.google.com/maps/search/?api=1\&query=Centennial%20State%20Waste%20%26%20Recycling\&query\_place\_id=ChIJSQj4qo-TbaURkzI0Tm\_nJtQ
Colorado Junk Removal,(802) 777-7717,cojunkremovals@gmail.com; cojunkremoval@gmail.com,https://www.cojunkremoval.com/,,,Junk removal service,,,Commercial Dumpster Rental,Maybe,Business name suggests dumpster/hauling; category unclear,Possible Dumpster Rental,Low,Unknown/Statewide,City not listed,Regional Independent,Medium,State/regional branding in business name,C,Maybe classification + email — verify roll-off service before outreach,Public listing — not yet confirmed by provider,https://www.google.com/maps/search/?api=1\&query=Colorado%20Junk%20Removal\&query\_place\_id=ChIJ3\_mvaIdnAKMRvJI3VLYGs8o
Colorado Junk Runners,(720) 307-1298,tom@cojunkrunners.com,http://www.cojunkrunners.com/,,,Waste management service,5,18,Commercial Dumpster Rental,Maybe,"""Waste management service"" category — may include roll-off",Possible Waste/Dumpster,Low,Denver Metro,(303/720 area code),Regional Independent,Medium,State/regional branding in business name,C,Maybe classification + email — verify roll-off service before outreach,Public listing — not yet confirmed by provider,https://www.google.com/maps/search/?api=1\&query=Colorado%20Junk%20Runners\&query\_place\_id=ChIJOXYe08rHlI4Rc-c-jtIEw9c
COLORADO ROLL OFF DUMPSTERS LLC,(719) 505-6578,coloradorolloff6@gmail.com; filler@godaddy.com,https://coloradorolloffllc.godaddysites.com/,,,Dumpster rental service,5,6,Roll Off Dumpster Rental,Qualified,"""Dumpster rental service"" category + roll-off search source",Roll-Off Dumpster Rental,High,CO Springs/Pikes Peak,(719 area code),Regional Independent,Medium,State/regional branding in business name,B,Qualified + email contact available,Public listing — not yet confirmed by provider,https://www.google.com/maps/search/?api=1\&query=COLORADO%20ROLL%20OFF%20DUMPSTERS%20LLC\&query\_place\_id=ChIJR4cP5tGPLG8Rkvf22YrR43o
Crestone Junk Removal & Dumpster Rentals,(719) 735-8200,crestonejunk@gmail.com,https://crestonejunkremoval.com/,,,Garbage collection service,5,16,Commercial Dumpster Rental,Not Qualified,Disqualifying Google category: Garbage collection service,N/A,High,CO Springs/Pikes Peak,(719 area code),Local Independent,Low,Single-location branding; ownership not independently confirmed,D,Disqualified — not a roll-off dumpster rental provider,Public listing — not yet confirmed by provider,https://www.google.com/maps/search/?api=1\&query=Crestone%20Junk%20Removal%20%26%20Dumpster%20Rentals\&query\_place\_id=ChIJD64-drMHZmYRZItHZkPbeFI
DC Haulers,(720) 606-3582,support@dchaulers.com,https://dchaulers.com/,,,Dumpster rental service,5,12,Commercial Dumpster Rental,Qualified,Google category: Dumpster rental service,Dumpster Rental,High,Denver Metro,(303/720 area code),Local Independent,Low,Single-location branding; ownership not independently confirmed,B,Qualified + email contact available,Public listing — not yet confirmed by provider,https://www.google.com/maps/search/?api=1\&query=DC%20Haulers\&query\_place\_id=ChIJl1an4-HVzQoRwWTGX6kC3Eg
Discount Dumpster,(719) 419-6500,info@discountdumpsterco.com,https://discountdumpsterco.com/locations/colorado-springs/?utm\_source=google\&utm\_medium=organic\&utm\_campaign=google-maps,,,Waste management service,4.1,23,Roll Off Dumpster Rental,Not Qualified,National broker/lead-gen marketplace — not a direct rental provider,Broker,High,CO Springs/Pikes Peak,(719 area code),Broker/Lead Gen/Marketplace,High,Known broker or marketplace brand,D,Disqualified — not a roll-off dumpster rental provider,Public listing — not yet confirmed by provider,https://www.google.com/maps/search/?api=1\&query=Discount%20Dumpster\&query\_place\_id=ChIJUU9IXNCFSGcR3EtJkKgZyKg
Discount Dumpster,(720) 372-0820,info@discountdumpsterco.com,https://discountdumpsterco.com/locations/denver/?utm\_source=google\&utm\_medium=organic\&utm\_campaign=google-maps,,,Waste management service,4.6,240,Both,Not Qualified,National broker/lead-gen marketplace — not a direct rental provider,Broker,High,Denver Metro,(303/720 area code),Broker/Lead Gen/Marketplace,High,Known broker or marketplace brand,D,Disqualified — not a roll-off dumpster rental provider,Public listing — not yet confirmed by provider,https://www.google.com/maps/search/?api=1\&query=Discount%20Dumpster\&query\_place\_id=ChIJ6bjmIiB\_bIcR6O2gMGZtLGU
Doyle Disposal,(303) 990-0465,service@doyledisposal.com,http://www.doyledisposal.com/,,,Garbage collection service,4.8,92,Both,Not Qualified,Disqualifying Google category: Garbage collection service,N/A,High,Denver Metro,(303/720 area code),Local Independent,Low,Single-location branding; ownership not independently confirmed,D,Disqualified — not a roll-off dumpster rental provider,Public listing — not yet confirmed by provider,https://www.google.com/maps/search/?api=1\&query=Doyle%20Disposal\&query\_place\_id=ChIJvdm78suxa4cRiNsp0W34Qu4
Dumpster Diverz LLC,(970) 888-7274,team@dumpsterdiverz.com,http://dumpsterdiverz.com/,,,Garbage collection service,4.4,28,Both,Not Qualified,Disqualifying Google category: Garbage collection service,N/A,High,Northern Colorado,(970 area code — N.CO or W.Slope),Local Independent,Low,Single-location branding; ownership not independently confirmed,D,Disqualified — not a roll-off dumpster rental provider,Public listing — not yet confirmed by provider,https://www.google.com/maps/search/?api=1\&query=Dumpster%20Diverz%20LLC\&query\_place\_id=ChIJe8imzwTTbocR6EWBeecuvRk
Dunn Teller Enterprises,(970) 692-6731,dunntellerenterprises@yahoo.com,http://dunnteller.com/,,,Dumpster rental service,5,6,Roll Off Dumpster Rental,Qualified,"""Dumpster rental service"" category + roll-off search source",Roll-Off Dumpster Rental,High,Northern Colorado,(970 area code — N.CO or W.Slope),Local Independent,Low,Single-location branding; ownership not independently confirmed,B,Qualified + email contact available,Public listing — not yet confirmed by provider,https://www.google.com/maps/search/?api=1\&query=Dunn%20Teller%20Enterprises\&query\_place\_id=ChIJQf66aHe9bocRMdDTeu5drco
Durango Trash Panda,(970) 880-4042,durangotrashpanda@gmail.com,http://www.durangotrashpanda.com/,,,Dumpster rental service,5,77,Roll Off Dumpster Rental,Qualified,"""Dumpster rental service"" category + roll-off search source",Roll-Off Dumpster Rental,High,Northern Colorado,(970 area code — N.CO or W.Slope),Local Independent,Low,Single-location branding; ownership not independently confirmed,A,Qualified + email + strong reviews (4.5+/30+ or 100+) + local/regional ownership,Public listing — not yet confirmed by provider,https://www.google.com/maps/search/?api=1\&query=Durango%20Trash%20Panda\&query\_place\_id=ChIJq4XbZgEzUwwRKAihtqnpEB8
Elevate Disposal LLC,(970) 364-0025,info@elevatedisposal.com; admin@inspectmyvehicle.com.au,https://www.elevatedisposal.com/,,,Waste management service,4.2,5,Roll Off Dumpster Rental,Qualified,Roll-off search source + qualifying business name,Roll-Off Dumpster Rental,Medium,Northern Colorado,(970 area code — N.CO or W.Slope),Local Independent,Low,Single-location branding; ownership not independently confirmed,B,Qualified + email contact available,Public listing — not yet confirmed by provider,https://www.google.com/maps/search/?api=1\&query=Elevate%20Disposal%20LLC\&query\_place\_id=ChIJ-xhqgXnm5GsRRP4sVIk7Iq4
Elevated Junk Removal,(720) 583-4472,andrew@elevatedjunkremoval.com,http://elevatedjunkremoval.com/,,,Waste management service,5,39,Commercial Dumpster Rental,Maybe,Waste management category + qualifying name — roll-off unconfirmed,Possible Dumpster/Hauling,Medium,Denver Metro,(303/720 area code),Local Independent,Low,Single-location branding; ownership not independently confirmed,C,Maybe classification + email — verify roll-off service before outreach,Public listing — not yet confirmed by provider,https://www.google.com/maps/search/?api=1\&query=Elevated%20Junk%20Removal\&query\_place\_id=ChIJt4uKRRbyKaMRb5Ur5AiXgHw
Eminent Construction LLC,(720) 383-6398,admin@eminentcontructionllc.com,https://eminentcontructionllc.com/,,,Demolition contractor,5,6,Commercial Dumpster Rental,Not Qualified,Disqualifying Google category: Demolition contractor,N/A,High,Denver Metro,(303/720 area code),Local Independent,Low,Single-location branding; ownership not independently confirmed,D,Disqualified — not a roll-off dumpster rental provider,Public listing — not yet confirmed by provider,https://www.google.com/maps/search/?api=1\&query=Eminent%20Construction%20LLC\&query\_place\_id=ChIJ3w39yOED7yERJsDBNHh508s
FreeBackJack Junk Removal,(719) 289-1671,freebackjack@gmail.com,https://freebackjackjunkremovalcom.wordpress.com/,,,Waste management service,5,56,Roll Off Dumpster Rental,Qualified,Roll-off search source + qualifying business name,Roll-Off Dumpster Rental,Medium,CO Springs/Pikes Peak,(719 area code),Local Independent,Low,Single-location branding; ownership not independently confirmed,A,Qualified + email + strong reviews (4.5+/30+ or 100+) + local/regional ownership,Public listing — not yet confirmed by provider,https://www.google.com/maps/search/?api=1\&query=FreeBackJack%20Junk%20Removal\&query\_place\_id=ChIJoygwrmKjE4cRpiLbfMJsobw
Front Range Hauling Solutions,(720) 339-8686,filler@godaddy.com,https://frhauling.com/,,,Junk removal service,5,13,Commercial Dumpster Rental,Maybe,Business name suggests dumpster/hauling; category unclear,Possible Dumpster Rental,Low,Denver Metro,(303/720 area code),Regional Independent,Medium,State/regional branding in business name,C,Maybe classification + email — verify roll-off service before outreach,Public listing — not yet confirmed by provider,https://www.google.com/maps/search/?api=1\&query=Front%20Range%20Hauling%20Solutions\&query\_place\_id=ChIJU8SjZresh6AR-dHYtvSlehk
Garbage Gurus,(970) 485-5709,info.garbagegurus@gmail.com,http://www.welovegarbagegurus.com/,,,Garbage collection service,4.9,67,Commercial Dumpster Rental,Not Qualified,Disqualifying Google category: Garbage collection service,N/A,High,Northern Colorado,(970 area code — N.CO or W.Slope),Local Independent,Low,Single-location branding; ownership not independently confirmed,D,Disqualified — not a roll-off dumpster rental provider,Public listing — not yet confirmed by provider,https://www.google.com/maps/search/?api=1\&query=Garbage%20Gurus\&query\_place\_id=ChIJ-TJfmVe01w4Rg96SCy3nLo8
Grand Valley Roll-Offs LLC,(970) 902-7756,cwatkins@cvrolloffs.com,https://www.gvrolloffs.com/,,,Dumpster rental service,5,13,Both,Qualified,"""Dumpster rental service"" category + roll-off search source",Roll-Off Dumpster Rental,High,Northern Colorado,(970 area code — N.CO or W.Slope),Local Independent,Low,Single-location branding; ownership not independently confirmed,B,Qualified + email contact available,Public listing — not yet confirmed by provider,https://www.google.com/maps/search/?api=1\&query=Grand%20Valley%20Roll-Offs%20LLC\&query\_place\_id=ChIJRekg4A\_\_RocR3mUho7cdfSE
Grizzly Hauling & Moving,(720) 737-9673,grizzlyhaulingandmoving@gmail.com,http://grizzlyhaulingandmoving.com/,,,Waste management service,5,80,Both,Not Qualified,Business name indicates non-dumpster service,N/A,High,Denver Metro,(303/720 area code),Local Independent,Low,Single-location branding; ownership not independently confirmed,D,Disqualified — not a roll-off dumpster rental provider,Public listing — not yet confirmed by provider,https://www.google.com/maps/search/?api=1\&query=Grizzly%20Hauling%20%26%20Moving\&query\_place\_id=ChIJHc7a6eB\_bIcRscu\_dkZgpSM
H\&H Industries LLC,,HandHIndustriespueblo@gmail.com,http://www.hhindustriesllc.com/,,,Dumpster rental service,5,2,Roll Off Dumpster Rental,Qualified,"""Dumpster rental service"" category + roll-off search source",Roll-Off Dumpster Rental,High,Unknown/Statewide,City not listed,Local Independent,Low,Single-location branding; ownership not independently confirmed,B,Qualified + email contact available,Public listing — not yet confirmed by provider,https://www.google.com/maps/search/?api=1\&query=H%26H%20Industries%20LLC\&query\_place\_id=ChIJQRdVhFsNl2kR\_Et7gHpwjlw
High Altitude Dumpster,(720) 518-3132,highaltitudedumpster@gmail.com,http://highaltitudedumpster.com/,,,Dumpster rental service,4.9,30,Roll Off Dumpster Rental,Qualified,"""Dumpster rental service"" category + roll-off search source",Roll-Off Dumpster Rental,High,Denver Metro,(303/720 area code),Local Independent,Low,Single-location branding; ownership not independently confirmed,A,Qualified + email + strong reviews (4.5+/30+ or 100+) + local/regional ownership,Public listing — not yet confirmed by provider,https://www.google.com/maps/search/?api=1\&query=High%20Altitude%20Dumpster\&query\_place\_id=ChIJKTZmlT0oxwoR3HwPV9Jg7ls
High Desert Haulers and Junk Removal,(970) 901-7956,clients@townsquareinteractive.com,https://highdeserthaulersco.com/,,,Waste management service,5,120,Both,Qualified,Roll-off search source + qualifying business name,Roll-Off Dumpster Rental,Medium,Northern Colorado,(970 area code — N.CO or W.Slope),Local Independent,Low,Single-location branding; ownership not independently confirmed,A,Qualified + email + strong reviews (4.5+/30+ or 100+) + local/regional ownership,Public listing — not yet confirmed by provider,https://www.google.com/maps/search/?api=1\&query=High%20Desert%20Haulers%20and%20Junk%20Removal\&query\_place\_id=ChIJoaJIBTFUmikRqIzfXguNUQA
Husky Junk Removal,(970) 795-0129,filler@godaddy.com; huskyjunkremoval@gmail.com,http://huskyjunkremoval.com/,,,Waste management service,5,30,Both,Qualified,Roll-off search source + qualifying business name,Roll-Off Dumpster Rental,Medium,Northern Colorado,(970 area code — N.CO or W.Slope),Local Independent,Low,Single-location branding; ownership not independently confirmed,A,Qualified + email + strong reviews (4.5+/30+ or 100+) + local/regional ownership,Public listing — not yet confirmed by provider,https://www.google.com/maps/search/?api=1\&query=Husky%20Junk%20Removal\&query\_place\_id=ChIJDzsYr0VRr0IR2ppeEJfSLfA
Junk Master LLC,(720) 999-0466,junkmasterdenver@gmail.com,https://junkmasterdenver.com/?utm\_source=google\&utm\_medium=organic\&utm\_campaign=gbp,,,Junk removal service,5,254,Both,Not Qualified,No qualifying dumpster/roll-off signals found,N/A,Low,Denver Metro,(303/720 area code),Local Independent,Low,Single-location branding; ownership not independently confirmed,D,Disqualified — not a roll-off dumpster rental provider,Public listing — not yet confirmed by provider,https://www.google.com/maps/search/?api=1\&query=Junk%20Master%20LLC\&query\_place\_id=ChIJFxsqgYBvbIcRAlvCcEGCx7U
Junk Wranglers,(970) 500-8518,info@cojunkwranglers.com,https://www.cojunkwranglers.com/,,,Junk removal service,5,94,Both,Not Qualified,No qualifying dumpster/roll-off signals found,N/A,Low,Northern Colorado,(970 area code — N.CO or W.Slope),Local Independent,Low,Single-location branding; ownership not independently confirmed,D,Disqualified — not a roll-off dumpster rental provider,Public listing — not yet confirmed by provider,https://www.google.com/maps/search/?api=1\&query=Junk%20Wranglers\&query\_place\_id=ChIJ-UCISgSpBIAROASM\_UjGdTs
Junk-it,(720) 448-9133,ryan@junkitdenver.com,https://www.junkitdenver.com/,,,Garbage collection service,4.9,170,Both,Not Qualified,Disqualifying Google category: Garbage collection service,N/A,High,Denver Metro,(303/720 area code),Local Independent,Low,Single-location branding; ownership not independently confirmed,D,Disqualified — not a roll-off dumpster rental provider,Public listing — not yet confirmed by provider,https://www.google.com/maps/search/?api=1\&query=Junk-it\&query\_place\_id=ChIJwdsOpESr3msRDKpPM-g\_OCI
Junky Town,(719) 799-8622,junkytown24@gmail.com,https://www.junkytowncos.com/,,,Waste management service,5,71,Commercial Dumpster Rental,Maybe,"""Waste management service"" category — may include roll-off",Possible Waste/Dumpster,Low,CO Springs/Pikes Peak,(719 area code),Local Independent,Low,Single-location branding; ownership not independently confirmed,C,Maybe classification + email — verify roll-off service before outreach,Public listing — not yet confirmed by provider,https://www.google.com/maps/search/?api=1\&query=Junky%20Town\&query\_place\_id=ChIJWYNlZYrzL20RpY2f5RkdtTM
Just-Take-It Hauling,(719) 434-0811,JUSTTAKEIT.HAULING@GMAIL.COM,http://justtakeithauling.com/,,,Junk removal service,5,182,Both,Qualified,Roll-off search source + qualifying business name,Roll-Off Dumpster Rental,Medium,CO Springs/Pikes Peak,(719 area code),Local Independent,Low,Single-location branding; ownership not independently confirmed,A,Qualified + email + strong reviews (4.5+/30+ or 100+) + local/regional ownership,Public listing — not yet confirmed by provider,https://www.google.com/maps/search/?api=1\&query=Just-Take-It%20Hauling\&query\_place\_id=ChIJ5cncUQI9omwRp4SxgWf\_Qgw
Loggins Junk Removal and Hauling,(719) 307-8611,logginsjl@gmail.com,http://pueblohomeservice.com/,,,Junk removal service,4.8,19,Commercial Dumpster Rental,Maybe,Business name suggests dumpster/hauling; category unclear,Possible Dumpster Rental,Low,CO Springs/Pikes Peak,(719 area code),Local Independent,Low,Single-location branding; ownership not independently confirmed,C,Maybe classification + email — verify roll-off service before outreach,Public listing — not yet confirmed by provider,https://www.google.com/maps/search/?api=1\&query=Loggins%20Junk%20Removal%20and%20Hauling\&query\_place\_id=ChIJD0di8z4NqGcRFslvWO8gIBU
Longmont Junk Haul,(720) 741-6511,wesley@longmontjunkhaul.com; %20wesley@longmontjunkhaul.com,https://longmontjunkhaul.com/,,,Debris removal service,5,190,Commercial Dumpster Rental,Not Qualified,No qualifying dumpster/roll-off signals found,N/A,Low,Northern Colorado,Longmont (from name),Local Independent,Low,Single-location branding; ownership not independently confirmed,D,Disqualified — not a roll-off dumpster rental provider,Public listing — not yet confirmed by provider,https://www.google.com/maps/search/?api=1\&query=Longmont%20Junk%20Haul\&query\_place\_id=ChIJrxzk7Eb5a4cRC5WvHhLa4vk
Max Waste Services,(303) 973-8550,info@MAXWASTESERVICES.COM,http://www.maxwasteservices.com/,,,Waste management service,4.8,18,Roll Off Dumpster Rental,Maybe,Appeared in roll-off search; name/category inconclusive,Possible Roll-Off Rental,Low,Denver Metro,(303/720 area code),Local Independent,Low,Single-location branding; ownership not independently confirmed,C,Maybe classification + email — verify roll-off service before outreach,Public listing — not yet confirmed by provider,https://www.google.com/maps/search/?api=1\&query=Max%20Waste%20Services\&query\_place\_id=ChIJvbpgM4n8NYgRcREpAoyq-TE
McCoys Dumpster Rentals,(720) 986-2428,mccoysdumpsterrentals@gmail.com; mccoysdumpsterservices@gmail.com; mmccoysdumpsterrentals@gmail.com,http://www.mccoysdumpsters.com/,,,Dumpster rental service,5,14,Both,Qualified,"""Dumpster rental service"" category + roll-off search source",Roll-Off Dumpster Rental,High,Denver Metro,(303/720 area code),Local Independent,Low,Single-location branding; ownership not independently confirmed,B,Qualified + email contact available,Public listing — not yet confirmed by provider,https://www.google.com/maps/search/?api=1\&query=McCoys%20Dumpster%20Rentals\&query\_place\_id=ChIJvdmU5eaV-qER9YNzXuCJHjc
McCoys Junk Removal LLC,(720) 419-9115,mccoysdumpsterservices@gmail.com,https://www.mccoysjunkremoval.com/,,,Waste management service,5,323,Both,Qualified,Roll-off search source + qualifying business name,Roll-Off Dumpster Rental,Medium,Denver Metro,(303/720 area code),Local Independent,Low,Single-location branding; ownership not independently confirmed,A,Qualified + email + strong reviews (4.5+/30+ or 100+) + local/regional ownership,Public listing — not yet confirmed by provider,https://www.google.com/maps/search/?api=1\&query=McCoys%20Junk%20Removal%20LLC\&query\_place\_id=ChIJnxvqxk0ZHUsR43OlLcNacmc
Mo's Hauling,(720) 340-8144,junk@moshauling.co,https://www.moshauling.co/,,,Junk removal service,5,86,Roll Off Dumpster Rental,Qualified,Roll-off search source + qualifying business name,Roll-Off Dumpster Rental,Medium,Denver Metro,(303/720 area code),Local Independent,Low,Single-location branding; ownership not independently confirmed,A,Qualified + email + strong reviews (4.5+/30+ or 100+) + local/regional ownership,Public listing — not yet confirmed by provider,https://www.google.com/maps/search/?api=1\&query=Mo's%20Hauling\&query\_place\_id=ChIJAwbrWCPujkQRjiYt-Mw-N70
Moore Stump Removal,(720) 361-5541,info@moorestumpremoval.com,http://www.moorestumpremoval.com/,,,Waste management service,4.9,34,Both,Maybe,"""Waste management service"" category — may include roll-off",Possible Waste/Dumpster,Low,Denver Metro,(303/720 area code),Local Independent,Low,Single-location branding; ownership not independently confirmed,C,Maybe classification + email — verify roll-off service before outreach,Public listing — not yet confirmed by provider,https://www.google.com/maps/search/?api=1\&query=Moore%20Stump%20Removal\&query\_place\_id=ChIJGTs6EVqNbq8RwrRIQsgfoaY
Moose and Bear Excavation,(970) 889-1643,mooseandbearconstruction@gmail.com,https://www.mooseandbearconstruction.com/,,,Demolition contractor,4.7,15,Commercial Dumpster Rental,Not Qualified,Business name indicates non-dumpster service,N/A,High,Northern Colorado,(970 area code — N.CO or W.Slope),Local Independent,Low,Single-location branding; ownership not independently confirmed,D,Disqualified — not a roll-off dumpster rental provider,Public listing — not yet confirmed by provider,https://www.google.com/maps/search/?api=1\&query=Moose%20and%20Bear%20Excavation\&query\_place\_id=ChIJJSXnL\_JTaYcRCitQEGkkkyE
Mountain Dumpster,(720) 768-8395,keith@mountaindumpster.com,https://mountaindumpster.com/,,,Dumpster rental service,5,42,Roll Off Dumpster Rental,Qualified,"""Dumpster rental service"" category + roll-off search source",Roll-Off Dumpster Rental,High,Denver Metro,(303/720 area code),Local Independent,Low,Single-location branding; ownership not independently confirmed,A,Qualified + email + strong reviews (4.5+/30+ or 100+) + local/regional ownership,Public listing — not yet confirmed by provider,https://www.google.com/maps/search/?api=1\&query=Mountain%20Dumpster\&query\_place\_id=ChIJ\_wVOpL9qDUwRI3J6k1Tw1XY
Pam and Dan's Hauling,(719) 527-9988,pamanddanshauling@gmail.com,https://www.pamanddanshauling.com/,,,Waste management service,4.2,18,Both,Qualified,Roll-off search source + qualifying business name,Roll-Off Dumpster Rental,Medium,CO Springs/Pikes Peak,(719 area code),Local Independent,Low,Single-location branding; ownership not independently confirmed,B,Qualified + email contact available,Public listing — not yet confirmed by provider,https://www.google.com/maps/search/?api=1\&query=Pam%20and%20Dan's%20Hauling\&query\_place\_id=ChIJ3xKYSJxDE4cRpGDJrDW71p0
Prime 8 Hauling \,Dumpster Roll Off Rentals,(720) 422-4151,becky.ortegon@prime8hauling.com,https://www.prime8hauling.com/,,,Dumpster rental service,5,25,Maybe,Business name suggests dumpster/hauling; category unclear,Possible Dumpster Rental,Low,Unknown/Statewide,https://www.prime8hauling.com/,Local Independent,Low,Single-location branding; ownership not independently confirmed,C,Maybe classification + email — verify roll-off service before outreach,Public listing — not yet confirmed by provider,Roll Off Dumpster Rental
Prime Roll Off Systems,(720) 822-5332,Info@primerolloffsystems.com,https://primerolloffsystems.com/,,,Dumpster rental service,5,7,Both,Qualified,"""Dumpster rental service"" category + roll-off search source",Roll-Off Dumpster Rental,High,Denver Metro,(303/720 area code),Local Independent,Low,Single-location branding; ownership not independently confirmed,B,Qualified + email contact available,Public listing — not yet confirmed by provider,https://www.google.com/maps/search/?api=1\&query=Prime%20Roll%20Off%20Systems\&query\_place\_id=ChIJpXFAv3iIhkURkxie4aN3n\_g
Razorback Roll-Off,(719) 747-4744,service@razorbackrolloff.com,https://razorbackrolloff.com/,,,Waste management service,4.4,13,Both,Qualified,Roll-off search source + qualifying business name,Roll-Off Dumpster Rental,Medium,CO Springs/Pikes Peak,(719 area code),Local Independent,Low,Single-location branding; ownership not independently confirmed,B,Qualified + email contact available,Public listing — not yet confirmed by provider,https://www.google.com/maps/search/?api=1\&query=Razorback%20Roll-Off\&query\_place\_id=ChIJ87O1JrZHE4cRSA1YT9Ud7dc
RC Waste Solutions,(719) 357-7931,rcwastesolutions@gmail.com,https://rcwastesolutionsco.com/,,,Dumpster rental service,5,19,Both,Qualified,"""Dumpster rental service"" category + roll-off search source",Roll-Off Dumpster Rental,High,CO Springs/Pikes Peak,(719 area code),Local Independent,Low,Single-location branding; ownership not independently confirmed,B,Qualified + email contact available,Public listing — not yet confirmed by provider,https://www.google.com/maps/search/?api=1\&query=RC%20Waste%20Solutions\&query\_place\_id=ChIJUyTPT2KqYGQRG3WIg-wpA3Y
redbox+ Dumpsters of Colorado Springs,(719) 212-9007,ctholen@redboxplus.com; info@redboxplus.com,https://www.redboxplus.com/colorado-springs/,,,Dumpster rental service,5,17,Both,Qualified,Known franchise dumpster brand + category/name match,Roll-Off Dumpster Rental,High,CO Springs/Pikes Peak,Colorado Springs (from name),Franchise/National Brand,High,Known franchise brand name,B,Qualified + email contact available,Public listing — not yet confirmed by provider,https://www.google.com/maps/search/?api=1\&query=redbox%2B%20Dumpsters%20of%20Colorado%20Springs\&query\_place\_id=ChIJr2cL\_2lOT6IRuq0NtmlmvyM
redbox+ Dumpsters of Denver South Metro,(720) 679-1630,ggavrilis@redboxplus.com,https://redboxplus.com/denver-south-metro/?utm\_campaign=gmb,,,Dumpster rental service,4.9,161,Both,Qualified,Known franchise dumpster brand + category/name match,Roll-Off Dumpster Rental,High,Denver Metro,(303/720 area code),Franchise/National Brand,High,Known franchise brand name,B,Qualified + email contact available,Public listing — not yet confirmed by provider,https://www.google.com/maps/search/?api=1\&query=redbox%2B%20Dumpsters%20of%20Denver%20South%20Metro\&query\_place\_id=ChIJxdsKw8x5bIcRyA-xYojdkAc
"Reliable Roll-Off's, LLC",(720) 908-7290,info@dumprolloff.com,https://dumprolloff.com/,,,Dumpster rental service,,,Roll Off Dumpster Rental,Qualified,"""Dumpster rental service"" category + roll-off search source",Roll-Off Dumpster Rental,High,Denver Metro,(303/720 area code),Local Independent,Low,Single-location branding; ownership not independently confirmed,B,Qualified + email contact available,Public listing — not yet confirmed by provider,https://www.google.com/maps/search/?api=1\&query=Reliable%20Roll-Off's%2C%20LLC\&query\_place\_id=ChIJuRmnP9wFeg4R8cCBh1vMuPU
Rhino Roll Off Dumpster Rental,(720) 300-0529,eric@rhinorolloffdumpsterrental.com; info@dumpsterrolloffnearme.com,https://www.rhinorolloffdumpsterrental.com/,,,Dumpster rental service,5,62,Roll Off Dumpster Rental,Qualified,"""Dumpster rental service"" category + roll-off search source",Roll-Off Dumpster Rental,High,Denver Metro,(303/720 area code),Local Independent,Low,Single-location branding; ownership not independently confirmed,A,Qualified + email + strong reviews (4.5+/30+ or 100+) + local/regional ownership,Public listing — not yet confirmed by provider,https://www.google.com/maps/search/?api=1\&query=Rhino%20Roll%20Off%20Dumpster%20Rental\&query\_place\_id=ChIJM51NbAhHTkQRMclqDBO9Ezc
Rock'n Roll-Offs,(719) 659-5785,rocknrolloffsltd@gmail.com,http://www.rocknrolloffs.com/,,,Waste management service,4.9,79,Roll Off Dumpster Rental,Qualified,Roll-off search source + qualifying business name,Roll-Off Dumpster Rental,Medium,CO Springs/Pikes Peak,(719 area code),Local Independent,Low,Single-location branding; ownership not independently confirmed,A,Qualified + email + strong reviews (4.5+/30+ or 100+) + local/regional ownership,Public listing — not yet confirmed by provider,https://www.google.com/maps/search/?api=1\&query=Rock'n%20Roll-Offs\&query\_place\_id=ChIJE0SU8z5PE4cRUs2ygPpDzSA
"RonSon Rolloffs, LLC",(970) 623-6074,RonSonRolloffs@icloud.com,https://www.ronsonrolloffs.com/,,,Waste management service,5,13,Roll Off Dumpster Rental,Qualified,Roll-off search source + qualifying business name,Roll-Off Dumpster Rental,Medium,Northern Colorado,(970 area code — N.CO or W.Slope),Local Independent,Low,Single-location branding; ownership not independently confirmed,B,Qualified + email contact available,Public listing — not yet confirmed by provider,https://www.google.com/maps/search/?api=1\&query=RonSon%20Rolloffs%2C%20LLC\&query\_place\_id=ChIJNzCYdXpLiWYRmtIB9G62VVY
Rugged Roll-Offs,(303) 641-6004,info@ruggedrolloffs.com,https://www.ruggedrolloffs.com/,,,Waste management service,5,3,Roll Off Dumpster Rental,Qualified,Roll-off search source + qualifying business name,Roll-Off Dumpster Rental,Medium,Denver Metro,(303/720 area code),Local Independent,Low,Single-location branding; ownership not independently confirmed,B,Qualified + email contact available,Public listing — not yet confirmed by provider,https://www.google.com/maps/search/?api=1\&query=Rugged%20Roll-Offs\&query\_place\_id=ChIJLRUGrQcpJycRjVIma7831Gs
Sasquatch Your Junk,(970) 575-1629,nate@sasquatchyourjunk.com,https://sasquatchyourjunk.com/,,,Junk removal service,5,44,Both,Not Qualified,No qualifying dumpster/roll-off signals found,N/A,Low,Northern Colorado,(970 area code — N.CO or W.Slope),Local Independent,Low,Single-location branding; ownership not independently confirmed,D,Disqualified — not a roll-off dumpster rental provider,Public listing — not yet confirmed by provider,https://www.google.com/maps/search/?api=1\&query=Sasquatch%20Your%20Junk\&query\_place\_id=ChIJv8KAMqLZcokRMcQCBdbGQf8
Step Up Disposals,(970) 888-1414,info@stepuprolloffs.com,https://stepupdisposals.com/,,,Waste management service,4.7,43,Both,Qualified,Roll-off search source + qualifying business name,Roll-Off Dumpster Rental,Medium,Northern Colorado,(970 area code — N.CO or W.Slope),Local Independent,Low,Single-location branding; ownership not independently confirmed,A,Qualified + email + strong reviews (4.5+/30+ or 100+) + local/regional ownership,Public listing — not yet confirmed by provider,https://www.google.com/maps/search/?api=1\&query=Step%20Up%20Disposals\&query\_place\_id=ChIJt\_RiwDFrlYIRwCyyNZesqvE
Summit Forged Waste Solutions,(970) 652-3992,contact@summitforgedws.com,https://summitforgedws.com/,,,Dumpster rental service,5,8,Roll Off Dumpster Rental,Qualified,"""Dumpster rental service"" category + roll-off search source",Roll-Off Dumpster Rental,High,Northern Colorado,(970 area code — N.CO or W.Slope),Local Independent,Low,Single-location branding; ownership not independently confirmed,B,Qualified + email contact available,Public listing — not yet confirmed by provider,https://www.google.com/maps/search/?api=1\&query=Summit%20Forged%20Waste%20Solutions\&query\_place\_id=ChIJNaG\_g1dkJYwRCrs\_jeSRgZo
Summit VIP Trash Services,(970) 778-1009,summitvipllc@yahoo.com,http://www.summitvipllc.com/,,,Waste management service,5,83,Roll Off Dumpster Rental,Not Qualified,Business name indicates non-dumpster service,N/A,High,Northern Colorado,(970 area code — N.CO or W.Slope),Local Independent,Low,Single-location branding; ownership not independently confirmed,D,Disqualified — not a roll-off dumpster rental provider,Public listing — not yet confirmed by provider,https://www.google.com/maps/search/?api=1\&query=Summit%20VIP%20Trash%20Services\&query\_place\_id=ChIJn2E720xdaocRp\_x0UPSJ65o
Summit Waste & Recycling,(303) 500-1422,support@summitwasteco.com,http://www.summitwasteco.com/,,,Waste management service,4.7,29,Both,Not Qualified,Business name indicates non-dumpster service,N/A,High,Denver Metro,(303/720 area code),Local Independent,Low,Single-location branding; ownership not independently confirmed,D,Disqualified — not a roll-off dumpster rental provider,Public listing — not yet confirmed by provider,https://www.google.com/maps/search/?api=1\&query=Summit%20Waste%20%26%20Recycling\&query\_place\_id=ChIJtT1QFDpzbIcRkT5FWHreUZQ
The Junk Trunk,(303) 815-0467,scheduling@thejunktrunkco.com,https://thejunktrunkco.com/,,,Dumpster rental service,4.9,1548,Both,Qualified,"""Dumpster rental service"" category + roll-off search source",Roll-Off Dumpster Rental,High,Denver Metro,(303/720 area code),Local Independent,Low,Single-location branding; ownership not independently confirmed,A,Qualified + email + strong reviews (4.5+/30+ or 100+) + local/regional ownership,Public listing — not yet confirmed by provider,https://www.google.com/maps/search/?api=1\&query=The%20Junk%20Trunk\&query\_place\_id=ChIJpbSDmrN9bIcRLXoidvnHQUI
Thomas Roll Offs,(719) 232-6110,chris@thomasrolloffs.com,https://thomasrolloffscs.wixsite.com/rolloffs,,,Dumpster rental service,5,9,Roll Off Dumpster Rental,Qualified,"""Dumpster rental service"" category + roll-off search source",Roll-Off Dumpster Rental,High,CO Springs/Pikes Peak,(719 area code),Local Independent,Low,Single-location branding; ownership not independently confirmed,B,Qualified + email contact available,Public listing — not yet confirmed by provider,https://www.google.com/maps/search/?api=1\&query=Thomas%20Roll%20Offs\&query\_place\_id=ChIJqZLviCNYFSQRxeH5W2G2dsw
TNR Waste Services,(720) 598-0499,support@tnrwaste.com,https://tnrwaste.com/,,,Dumpster rental service,,,Both,Qualified,"""Dumpster rental service"" category + roll-off search source",Roll-Off Dumpster Rental,High,Denver Metro,(303/720 area code),Local Independent,Low,Single-location branding; ownership not independently confirmed,B,Qualified + email contact available,Public listing — not yet confirmed by provider,https://www.google.com/maps/search/?api=1\&query=TNR%20Waste%20Services\&query\_place\_id=ChIJF8gjSLZ124MRMEk9xakkjPk
Trash Daddy Dumpster Rentals,(719) 249-8825,info@trashdaddydumpsters.com; chad@trashdaddydumpsters.com; paul@trashdaddydumpsters.com,https://trashdaddydumpsters.com/dumpster-rentals-colorado/colorado-springs/,,,Dumpster rental service,5,38,Roll Off Dumpster Rental,Qualified,"""Dumpster rental service"" category + roll-off search source",Roll-Off Dumpster Rental,High,CO Springs/Pikes Peak,(719 area code),Local Independent,Low,Single-location branding; ownership not independently confirmed,A,Qualified + email + strong reviews (4.5+/30+ or 100+) + local/regional ownership,Public listing — not yet confirmed by provider,https://www.google.com/maps/search/?api=1\&query=Trash%20Daddy%20Dumpster%20Rentals\&query\_place\_id=ChIJW4odGStjGk0RGv90-W7N1J4
Trash Daddy Dumpster Rentals,(970) 893-8188,chad@trashdaddydumpsters.com; paul@trashdaddydumpsters.com; info@trashdaddydumpsters.com,https://trashdaddydumpsters.com/dumpster-rentals-colorado/fort-collins/,,,Dumpster rental service,4.8,52,Both,Qualified,"""Dumpster rental service"" category + roll-off search source",Roll-Off Dumpster Rental,High,Northern Colorado,(970 area code — N.CO or W.Slope),Local Independent,Low,Single-location branding; ownership not independently confirmed,A,Qualified + email + strong reviews (4.5+/30+ or 100+) + local/regional ownership,Public listing — not yet confirmed by provider,https://www.google.com/maps/search/?api=1\&query=Trash%20Daddy%20Dumpster%20Rentals\&query\_place\_id=ChIJv04u3WizbocRUjHxxc0\_bfI
Trash Daddy Dumpster Rentals,(303) 785-6515,chad@trashdaddydumpsters.com; paul@trashdaddydumpsters.com; info@trashdaddydumpsters.com,https://trashdaddydumpsters.com/dumpster-rentals-colorado/longmont,,,Dumpster rental service,5,38,Both,Qualified,"""Dumpster rental service"" category + roll-off search source",Roll-Off Dumpster Rental,High,Denver Metro,(303/720 area code),Local Independent,Low,Single-location branding; ownership not independently confirmed,A,Qualified + email + strong reviews (4.5+/30+ or 100+) + local/regional ownership,Public listing — not yet confirmed by provider,https://www.google.com/maps/search/?api=1\&query=Trash%20Daddy%20Dumpster%20Rentals\&query\_place\_id=ChIJvzQjcXP7a4cRQYmHW\_baXA4
Trash Daddy Dumpster Rentals,(720) 674-0055,chad@trashdaddydumpsters.com; paul@trashdaddydumpsters.com; info@trashdaddydumpsters.com,https://trashdaddydumpsters.com/dumpster-rentals-colorado/arvada/,,,Dumpster rental service,5,68,Both,Qualified,"""Dumpster rental service"" category + roll-off search source",Roll-Off Dumpster Rental,High,Denver Metro,(303/720 area code),Local Independent,Low,Single-location branding; ownership not independently confirmed,A,Qualified + email + strong reviews (4.5+/30+ or 100+) + local/regional ownership,Public listing — not yet confirmed by provider,https://www.google.com/maps/search/?api=1\&query=Trash%20Daddy%20Dumpster%20Rentals\&query\_place\_id=ChIJ3aj\_sCDXpSMREJEXca5Y0kc
Trash Daddy Dumpster Rentals,(720) 262-7700,info@trashdaddydumpsters.com; chad@trashdaddydumpsters.com; paul@trashdaddydumpsters.com,https://trashdaddydumpsters.com/dumpster-rentals-colorado/aurora/,,,Dumpster rental service,5,65,Roll Off Dumpster Rental,Qualified,"""Dumpster rental service"" category + roll-off search source",Roll-Off Dumpster Rental,High,Denver Metro,(303/720 area code),Local Independent,Low,Single-location branding; ownership not independently confirmed,A,Qualified + email + strong reviews (4.5+/30+ or 100+) + local/regional ownership,Public listing — not yet confirmed by provider,https://www.google.com/maps/search/?api=1\&query=Trash%20Daddy%20Dumpster%20Rentals\&query\_place\_id=ChIJ\_8ONvrPcdkERCjqaaI9OY6k
Urban Waste & Hauling Solutions,(970) 829-6469,info@urbanwasteandhauling.com,https://urbanwasteandhauling.com/,,,Garbage collection service,,,Roll Off Dumpster Rental,Not Qualified,Disqualifying Google category: Garbage collection service,N/A,High,Northern Colorado,(970 area code — N.CO or W.Slope),Local Independent,Low,Single-location branding; ownership not independently confirmed,D,Disqualified — not a roll-off dumpster rental provider,Public listing — not yet confirmed by provider,https://www.google.com/maps/search/?api=1\&query=Urban%20Waste%20%26%20Hauling%20Solutions\&query\_place\_id=ChIJRZvsskLBRUgR6XaJLuBvyA0
Veteran Disposal (Mile High Dump & Haul),(970) 239-1890,jose@milehighdumpsters.com,http://www.veterandisposal.net/,,,Dumpster rental service,5,15,Roll Off Dumpster Rental,Qualified,"""Dumpster rental service"" category + roll-off search source",Roll-Off Dumpster Rental,High,Northern Colorado,(970 area code — N.CO or W.Slope),Local Independent,Low,Single-location branding; ownership not independently confirmed,B,Qualified + email contact available,Public listing — not yet confirmed by provider,https://www.google.com/maps/search/?api=1\&query=Veteran%20Disposal%20(Mile%20High%20Dump%20%26%20Haul)\&query\_place\_id=ChIJGzqXral8LkYRiI7jmG7jPf8
Vets Move Junk,(800) 530-9767,info@vetsmovejunk.com,https://www.vetsmovejunk.com/,,,Garbage collection service,5,2,Both,Not Qualified,Disqualifying Google category: Garbage collection service,N/A,High,Unknown/Statewide,City not listed,Local Independent,Low,Single-location branding; ownership not independently confirmed,D,Disqualified — not a roll-off dumpster rental provider,Public listing — not yet confirmed by provider,https://www.google.com/maps/search/?api=1\&query=Vets%20Move%20Junk\&query\_place\_id=ChIJHXIZdxXk80MRK5FKc4kDHWA
We R Trash Inc.,(215) 317-7444,werusatrash@gmail.com,http://www.wertrash.com/,,,Waste management service,5,4,Commercial Dumpster Rental,Maybe,"""Waste management service"" category — may include roll-off",Possible Waste/Dumpster,Low,Unknown/Statewide,City not listed,Local Independent,Low,Single-location branding; ownership not independently confirmed,C,Maybe classification + email — verify roll-off service before outreach,Public listing — not yet confirmed by provider,https://www.google.com/maps/search/?api=1\&query=We%20R%20Trash%20Inc.\&query\_place\_id=ChIJU\_kAYbVhpAwRsrHfxkf3vcs
Western Slope Junk Removal,(970) 209-3546,westernslopejunkremoval@gmail.com,http://westernslopejunkremoval.com/,,,Waste management service,5,169,Commercial Dumpster Rental,Maybe,Waste management category + qualifying name — roll-off unconfirmed,Possible Dumpster/Hauling,Medium,Northern Colorado,(970 area code — N.CO or W.Slope),Regional Independent,Medium,State/regional branding in business name,C,Maybe classification + email — verify roll-off service before outreach,Public listing — not yet confirmed by provider,https://www.google.com/maps/search/?api=1\&query=Western%20Slope%20Junk%20Removal\&query\_place\_id=ChIJQfBr35JbP4cRs0v8wzmeIWg
Westland Rolloffs,(719) 492-8046,Westlandrolloffs@gmail.com,https://westlandrolloffsco.com/,,,Dumpster rental service,5,10,Roll Off Dumpster Rental,Qualified,"""Dumpster rental service"" category + roll-off search source",Roll-Off Dumpster Rental,High,CO Springs/Pikes Peak,(719 area code),Local Independent,Low,Single-location branding; ownership not independently confirmed,B,Qualified + email contact available,Public listing — not yet confirmed by provider,https://www.google.com/maps/search/?api=1\&query=Westland%20Rolloffs\&query\_place\_id=ChIJB0iRbBwDnwUROsLtUH0un4g
Work Horse Hauling,(303) 838-1461,workhorsehauling@gmail.com,https://www.workhorsehauling.com/,,,Dumpster rental service,5,3,Roll Off Dumpster Rental,Qualified,"""Dumpster rental service"" category + roll-off search source",Roll-Off Dumpster Rental,High,Denver Metro,(303/720 area code),Local Independent,Low,Single-location branding; ownership not independently confirmed,B,Qualified + email contact available,Public listing — not yet confirmed by provider,https://www.google.com/maps/search/?api=1\&query=Work%20Horse%20Hauling\&query\_place\_id=ChIJURAGc210a4cRvopi\_wMbwm0
Bin There Dump That Denver West,(720) 524-3727,denverwest@bintheredumpthat.com,https://www.bintheredumpthat.com/denver-west-dumpster-rentals/,Arvada,80003,Dumpster rental service,4.9,338,Both,Qualified,Known franchise dumpster brand + category/name match,Roll-Off Dumpster Rental,High,Denver Metro,Arvada,Franchise/National Brand,High,Known franchise brand name,B,Qualified + email contact available,Public listing — not yet confirmed by provider,https://www.google.com/maps/search/?api=1\&query=Bin%20There%20Dump%20That%20Denver%20West\&query\_place\_id=ChIJsUmSl2KIa4cRrLH9mVWS-yc
Construction Roll-Off \,Dumpster Rentals,(720) 664-8664,info@constructionrolloff.com,https://www.constructionrolloff.com/,Arvada,"6783 Fig St \#101, Arvada, CO 80004",Waste management service,5,76,Maybe,Business name suggests dumpster/hauling; category unclear,Possible Dumpster Rental,Low,Unknown/Statewide,https://www.constructionrolloff.com/,Local Independent,Low,Single-location branding; ownership not independently confirmed,C,Maybe classification + email — verify roll-off service before outreach,Public listing — not yet confirmed by provider,Both
Massie Dumpster Rental Arvada,(720) 636-8866,sales@massiedumpsterrental.com,https://massiedumpsterrental.com/arvada-co/,Arvada,80004,Waste management service,5,6,Both,Qualified,Roll-off search source + qualifying business name,Roll-Off Dumpster Rental,Medium,Denver Metro,Arvada,Local Independent,Low,Single-location branding; ownership not independently confirmed,B,Qualified + email contact available,Public listing — not yet confirmed by provider,https://www.google.com/maps/search/?api=1\&query=Massie%20Dumpster%20Rental%20Arvada\&query\_place\_id=ChIJK4kvVAIHbIcRjdrVFvej3YQ
redbox+ Dumpsters of Northwest Denver,(720) 664-7410,denverNWsales@redboxplus.com; info@redboxplus.com,https://www.redboxplus.com/denver-nw/,Arvada,80007,Dumpster rental service,5,68,Both,Qualified,Known franchise dumpster brand + category/name match,Roll-Off Dumpster Rental,High,Denver Metro,Arvada,Franchise/National Brand,High,Known franchise brand name,B,Qualified + email contact available,Public listing — not yet confirmed by provider,https://www.google.com/maps/search/?api=1\&query=redbox%2B%20Dumpsters%20of%20Northwest%20Denver\&query\_place\_id=ChIJ9cuEJ3LFKyMR4Mfh9BrQh-c
Total Disposal,(303) 659-3333,info@totaldisposalofdenver.com,https://www.totaldisposalofdenver.com/,Arvada,80002,Dumpster rental service,4.8,293,Both,Qualified,"""Dumpster rental service"" category + roll-off search source",Roll-Off Dumpster Rental,High,Denver Metro,Arvada,Local Independent,Low,Single-location branding; ownership not independently confirmed,A,Qualified + email + strong reviews (4.5+/30+ or 100+) + local/regional ownership,Public listing — not yet confirmed by provider,https://www.google.com/maps/search/?api=1\&query=Total%20Disposal\&query\_place\_id=ChIJVVUFtFmPa4cR6KvBUGUA71c
Blue Ribbon Dumpsters,(303) 502-8242,Ralph@BlueRibbonDumpsters.net,https://blueribbondumpsters.net/,Aurora,80015,Dumpster rental service,5,24,Both,Qualified,"""Dumpster rental service"" category + roll-off search source",Roll-Off Dumpster Rental,High,Denver Metro,Aurora,Local Independent,Low,Single-location branding; ownership not independently confirmed,B,Qualified + email contact available,Public listing — not yet confirmed by provider,https://www.google.com/maps/search/?api=1\&query=Blue%20Ribbon%20Dumpsters\&query\_place\_id=ChIJebY2K4IafmYR\_hMNaValCOc
Countrywide Dumpster Rental Aurora,(720) 573-1622,sales@countrywidedumpsterrental.com,https://www.countrywidedumpsterrental.com/aurora-co,Aurora,80011,Waste management service,4.5,2,Both,Qualified,Roll-off search source + qualifying business name,Roll-Off Dumpster Rental,Medium,Denver Metro,Aurora,Local Independent,Low,Single-location branding; ownership not independently confirmed,B,Qualified + email contact available,Public listing — not yet confirmed by provider,https://www.google.com/maps/search/?api=1\&query=Countrywide%20Dumpster%20Rental%20Aurora\&query\_place\_id=ChIJu5Vn\_OSLbIcR-XC5HsvggiU
Curbside Roll-Off,(303) 343-7096,info@curbsideco.com; info@curbsidedatacontrol.com; bill@curbsideco.com,http://curbsideco.com/,Aurora,80011,Waste management service,4.4,79,Both,Not Qualified,Business name indicates non-dumpster service,N/A,High,Denver Metro,Aurora,Local Independent,Low,Single-location branding; ownership not independently confirmed,D,Disqualified — not a roll-off dumpster rental provider,Public listing — not yet confirmed by provider,https://www.google.com/maps/search/?api=1\&query=Curbside%20Roll-Off\&query\_place\_id=ChIJyd0cj3JjbIcRR4XtAWhrLXc
Cut Rate Hauling Trash & Junk Removal,(720) 434-8042,info@cutratejunk.com,https://cutratejunk.com/,Aurora,80011,Debris removal service,4.9,43,Both,Qualified,Roll-off search source + qualifying business name,Roll-Off Dumpster Rental,Medium,Denver Metro,Aurora,Local Independent,Low,Single-location branding; ownership not independently confirmed,A,Qualified + email + strong reviews (4.5+/30+ or 100+) + local/regional ownership,Public listing — not yet confirmed by provider,https://www.google.com/maps/search/?api=1\&query=Cut%20Rate%20Hauling%20Trash%20%26%20Junk%20Removal\&query\_place\_id=ChIJQ4LwNzBjbIcRSproOxwfL1M
Pride N Service Junk Removal Colorado,(720) 345-3847,pridenservice@gmail.com,https://www.pridenservicejunk.net/?utm\_source=google\&utm\_medium=organic\&utm\_campaign=google\_business\_profile,Aurora,80013,Waste management service,5,688,Roll Off Dumpster Rental,Qualified,Roll-off search source + qualifying business name,Roll-Off Dumpster Rental,Medium,Denver Metro,Aurora,Regional Independent,Medium,State/regional branding in business name,A,Qualified + email + strong reviews (4.5+/30+ or 100+) + local/regional ownership,Public listing — not yet confirmed by provider,https://www.google.com/maps/search/?api=1\&query=Pride%20N%20Service%20Junk%20Removal%20Colorado\&query\_place\_id=ChIJqQa8A5p5a4cRsC5IT43jm1Q
Roll Off America Aurora Colorado,(720) 785-4001,rolloffamericallc@gmail.com,http://rolloffamericadumpsters.com/,Aurora,80013,Dumpster rental service,4.6,9,Both,Qualified,"""Dumpster rental service"" category + roll-off search source",Roll-Off Dumpster Rental,High,Denver Metro,Aurora,Regional Independent,Medium,State/regional branding in business name,B,Qualified + email contact available,Public listing — not yet confirmed by provider,https://www.google.com/maps/search/?api=1\&query=Roll%20Off%20America%20Aurora%20Colorado\&query\_place\_id=ChIJE3YgcwGJbIcRu4\_Pq0hKd\_Q
Trash Panda,(720) 509-9782,Customercare@denvertrashpanda.com,https://denvertrashpanda.com/,Aurora,80013,Waste management service,5,4,Roll Off Dumpster Rental,Maybe,Appeared in roll-off search; name/category inconclusive,Possible Roll-Off Rental,Low,Denver Metro,Aurora,Local Independent,Low,Single-location branding; ownership not independently confirmed,C,Maybe classification + email — verify roll-off service before outreach,Public listing — not yet confirmed by provider,https://www.google.com/maps/search/?api=1\&query=Trash%20Panda\&query\_place\_id=ChIJ487wevvRn2oRRzy5nb4hth4
Wheelie Werx Dumpster Rentals LLC,(720) 571-3105,info@wheeliewerx.com,http://www.wheeliewerx.com/,Aurora,80016,Waste management service,5,27,Both,Qualified,Roll-off search source + qualifying business name,Roll-Off Dumpster Rental,Medium,Denver Metro,Aurora,Local Independent,Low,Single-location branding; ownership not independently confirmed,B,Qualified + email contact available,Public listing — not yet confirmed by provider,https://www.google.com/maps/search/?api=1\&query=Wheelie%20Werx%20Dumpster%20Rentals%20LLC\&query\_place\_id=ChIJQeDxgVwGvigRgWaYEu0-M8E
Bruin Waste - Delta Branch,(970) 835-8886,OfficeSanMiguel@bruinwaste.com; OfficeMontrose@bruinwaste.com; OfficeMesa@bruinwaste.com; OfficeGarfield@bruinwaste.com; OfficeDelta@bruinwaste.com; OfficeMontezuma@bruinwaste.com; OfficeDolores@bruinwaste.com; OfficeArchuleta@bruinwaste.com,http://www.bruinwaste.com/,Austin,81410,Garbage collection service,3.2,31,Both,Not Qualified,Disqualifying Google category: Garbage collection service,N/A,High,Northern Colorado,(970 area code — N.CO or W.Slope),Local Independent,Low,Single-location branding; ownership not independently confirmed,D,Disqualified — not a roll-off dumpster rental provider,Public listing — not yet confirmed by provider,https://www.google.com/maps/search/?api=1\&query=Bruin%20Waste%20-%20Delta%20Branch\&query\_place\_id=ChIJvUKjdbizQIcRiyVEIh3nrsY
Mountain Ace Dumpsters,(303) 619-4849,mountainacedumpsters@gmail.com,http://mountainacedumpsters.com/,Bailey,80421,Dumpster rental service,5,32,Both,Qualified,"""Dumpster rental service"" category + roll-off search source",Roll-Off Dumpster Rental,High,Mountain Towns/High Country,Bailey,Local Independent,Low,Single-location branding; ownership not independently confirmed,A,Qualified + email + strong reviews (4.5+/30+ or 100+) + local/regional ownership,Public listing — not yet confirmed by provider,https://www.google.com/maps/search/?api=1\&query=Mountain%20Ace%20Dumpsters\&query\_place\_id=ChIJN-oIouLX1ooRCI6XeiOgKvM
Mountain View Waste System,(303) 838-0560,cs@mountainviewwaste.com,http://mountainviewwaste.com/,Bailey,80421,Garbage collection service,2.7,274,Both,Not Qualified,Disqualifying Google category: Garbage collection service,N/A,High,Mountain Towns/High Country,Bailey,Local Independent,Low,Single-location branding; ownership not independently confirmed,D,Disqualified — not a roll-off dumpster rental provider,Public listing — not yet confirmed by provider,https://www.google.com/maps/search/?api=1\&query=Mountain%20View%20Waste%20System\&query\_place\_id=ChIJnRHAvUkNa4cRUy9Cbjm0WuY
Rob and Mike's Hauling,(970) 613-9642,Robandmikeshauling@gmail.com,https://robandmikeshauling.com/,Berthoud,80513,Dumpster rental service,4.9,32,Both,Qualified,"""Dumpster rental service"" category + roll-off search source",Roll-Off Dumpster Rental,High,Northern Colorado,Berthoud,Local Independent,Low,Single-location branding; ownership not independently confirmed,A,Qualified + email + strong reviews (4.5+/30+ or 100+) + local/regional ownership,Public listing — not yet confirmed by provider,https://www.google.com/maps/search/?api=1\&query=Rob%20and%20Mike's%20Hauling\&query\_place\_id=ChIJX1E0GZtTaYcRqfXhieeURpE
United Waste,(970) 532-0803,office@united-waste.com,http://www.united-waste.com/,Berthoud,80513,Waste management service,3.3,60,Commercial Dumpster Rental,Maybe,"""Waste management service"" category — may include roll-off",Possible Waste/Dumpster,Low,Northern Colorado,Berthoud,Local Independent,Low,Single-location branding; ownership not independently confirmed,C,Maybe classification + email — verify roll-off service before outreach,Public listing — not yet confirmed by provider,https://www.google.com/maps/search/?api=1\&query=United%20Waste\&query\_place\_id=ChIJxzgNx3ZVaYcRqMNx0lfeSMQ
Summit roll-offs,(970) 406-1289,summitrolloffs@yahoo.com,http://summitrolloffs.com/,Breckenridge,80424,Waste management service,3.7,6,Both,Qualified,Roll-off search source + qualifying business name,Roll-Off Dumpster Rental,Medium,Mountain Towns/High Country,Breckenridge,Local Independent,Low,Single-location branding; ownership not independently confirmed,B,Qualified + email contact available,Public listing — not yet confirmed by provider,https://www.google.com/maps/search/?api=1\&query=Summit%20roll-offs\&query\_place\_id=ChIJye3hmodZaocRhqiY5pwyOfY
Bullseye Bins,(720) 742-2048,brandon@bullseyebin.com,https://bullseyebin.com/,Brighton,80603,Dumpster rental service,4.6,11,Both,Qualified,"""Dumpster rental service"" category + roll-off search source",Roll-Off Dumpster Rental,High,Denver Metro,Brighton,Local Independent,Low,Single-location branding; ownership not independently confirmed,B,Qualified + email contact available,Public listing — not yet confirmed by provider,https://www.google.com/maps/search/?api=1\&query=Bullseye%20Bins\&query\_place\_id=ChIJ3xAg-ttBbIcRMQEPsmckp0Y
Roll Off Xpress,(303) 759-0706,rox-co@rolloffxpress.com,https://rolloffxpress.com/,Brighton,80601,Waste management service,,,Both,Qualified,Roll-off search source + qualifying business name,Roll-Off Dumpster Rental,Medium,Denver Metro,Brighton,Local Independent,Low,Single-location branding; ownership not independently confirmed,B,Qualified + email contact available,Public listing — not yet confirmed by provider,https://www.google.com/maps/search/?api=1\&query=Roll%20Off%20Xpress\&query\_place\_id=ChIJ1RLZdyvxUKgRBk3k33stHBE
Rent a Dumpster Source,(800) 618-9772,info@DumpsterSource.com,http://www.dumpstersource.com/Dumpster\_Rentals/CO/Colorado-CO.html?pmc=MAPS,Burlington,80807,Waste management service,,,Both,Qualified,Roll-off search source + qualifying business name,Roll-Off Dumpster Rental,Medium,Unknown/Statewide,Burlington,Local Independent,Low,Single-location branding; ownership not independently confirmed,B,Qualified + email contact available,Public listing — not yet confirmed by provider,https://www.google.com/maps/search/?api=1\&query=Rent%20a%20Dumpster%20Source\&query\_place\_id=ChIJW7M\_dumyDIcRLEfmUw4t6xY
Iron Knight Disposal,(719) 683-6200,Service@ironknightdisposal.com,http://ironknightdisposal.com/,Calhan,80808,Garbage collection service,4.7,15,Both,Not Qualified,Disqualifying Google category: Garbage collection service,N/A,High,CO Springs/Pikes Peak,(719 area code),Local Independent,Low,Single-location branding; ownership not independently confirmed,D,Disqualified — not a roll-off dumpster rental provider,Public listing — not yet confirmed by provider,https://www.google.com/maps/search/?api=1\&query=Iron%20Knight%20Disposal\&query\_place\_id=ChIJCcWkhZqFaEERWfBHNKRY-d4
Colorado Site Services,(970) 963-2482,Sales@Cositeservices.com; info@mydomain.com; accouniting@cositeservices.com,https://cositeservices.com/,Carbondale,81623,Waste management service,4.1,7,Both,Maybe,"""Waste management service"" category — may include roll-off",Possible Waste/Dumpster,Low,Western Slope,Carbondale,Regional Independent,Medium,State/regional branding in business name,C,Maybe classification + email — verify roll-off service before outreach,Public listing — not yet confirmed by provider,https://www.google.com/maps/search/?api=1\&query=Colorado%20Site%20Services\&query\_place\_id=ChIJE1pqwuyrQYcRenpMzUCkzHg
Expert Disposal,(303) 814-1804,info@expertdisposal.com,http://www.expertdisposal.com/,Castle Rock,80109,Dumpster rental service,4.9,25,Both,Qualified,"""Dumpster rental service"" category + roll-off search source",Roll-Off Dumpster Rental,High,Denver Metro,Castle Rock,Local Independent,Low,Single-location branding; ownership not independently confirmed,B,Qualified + email contact available,Public listing — not yet confirmed by provider,https://www.google.com/maps/search/?api=1\&query=Expert%20Disposal\&query\_place\_id=ChIJ6avjy7mZbIcRNsXksqun50Q
Alternative Dumpster Rentals,(719) 246-1108,alternativedumpsterrentals@gmail.com,https://ayoder67.wixsite.com/alternativedumpste-1,Cañon City,81212,Junk removal service,5,6,Both,Qualified,Roll-off search source + qualifying business name,Roll-Off Dumpster Rental,Medium,CO Springs/Pikes Peak,(719 area code),Local Independent,Low,Single-location branding; ownership not independently confirmed,B,Qualified + email contact available,Public listing — not yet confirmed by provider,https://www.google.com/maps/search/?api=1\&query=Alternative%20Dumpster%20Rentals\&query\_place\_id=ChIJeQLQPP8InEgRR3atyVP\_QoU
Junk-N-Haul South Denver,(719) 298-3089,info@junknhaul.com,https://junknhaul.com/junk-removal-castle-rock-co/,Centennial,80112,Junk removal service,4.9,114,Both,Not Qualified,No qualifying dumpster/roll-off signals found,N/A,Low,Denver Metro,Centennial,Local Independent,Low,Single-location branding; ownership not independently confirmed,D,Disqualified — not a roll-off dumpster rental provider,Public listing — not yet confirmed by provider,https://www.google.com/maps/search/?api=1\&query=Junk-N-Haul%20South%20Denver\&query\_place\_id=ChIJq-lNWlOZbIcRzzDgNqqud74
V\&J Junk Removal,(909) 541-3908,vandjjunkremoval@gmail.com,https://vjjunkremoval.com/,Centennial,80111,Junk removal service,5,391,Both,Qualified,Roll-off search source + qualifying business name,Roll-Off Dumpster Rental,Medium,Denver Metro,Centennial,Local Independent,Low,Single-location branding; ownership not independently confirmed,A,Qualified + email + strong reviews (4.5+/30+ or 100+) + local/regional ownership,Public listing — not yet confirmed by provider,https://www.google.com/maps/search/?api=1\&query=V%26J%20Junk%20Removal\&query\_place\_id=ChIJF8YEqRSKk0QR1t8tFr9\_0og
"Mountain Disposal, Inc",(719) 489-3456,info@mountaindisposal.com,http://mountaindisposal.com/,Colorado City,81019,Garbage collection service,3.2,57,Both,Not Qualified,Disqualifying Google category: Garbage collection service,N/A,High,CO Springs/Pikes Peak,(719 area code),Local Independent,Low,Single-location branding; ownership not independently confirmed,D,Disqualified — not a roll-off dumpster rental provider,Public listing — not yet confirmed by provider,https://www.google.com/maps/search/?api=1\&query=Mountain%20Disposal%2C%20Inc\&query\_place\_id=ChIJ\_SJA9RruE4cR4DUJwBJyQts
All American Dumpster,(719) 330-4226,719aad@gmail.com,https://allamericandumpster.com/,Colorado Springs,80905,Dumpster rental service,5,57,Both,Qualified,"""Dumpster rental service"" category + roll-off search source",Roll-Off Dumpster Rental,High,CO Springs/Pikes Peak,Colorado Springs,Local Independent,Low,Single-location branding; ownership not independently confirmed,A,Qualified + email + strong reviews (4.5+/30+ or 100+) + local/regional ownership,Public listing — not yet confirmed by provider,https://www.google.com/maps/search/?api=1\&query=All%20American%20Dumpster\&query\_place\_id=ChIJpw6v8tenTKEROhfdVuJTTRA
American Sanitation Inc,(719) 678-1974,info@americansanitationinc.com; %20info@americansanitationinc.com,https://americansanitationinc.com/,Colorado Springs,80904,Waste management service,5,39,Commercial Dumpster Rental,Maybe,"""Waste management service"" category — may include roll-off",Possible Waste/Dumpster,Low,CO Springs/Pikes Peak,Colorado Springs,Local Independent,Low,Single-location branding; ownership not independently confirmed,C,Maybe classification + email — verify roll-off service before outreach,Public listing — not yet confirmed by provider,https://www.google.com/maps/search/?api=1\&query=American%20Sanitation%20Inc\&query\_place\_id=ChIJtRexEKzcVYkR9m00chn2GKs
Bin There Dump That Colorado Springs,(719) 686-8613,infocos@bintheredumpthat.com,https://www.bintheredumpthat.com/colorado-springs-dumpster-rentals/?utm\_source=google\&utm\_medium=gbp-colorado-springs\&utm\_campaign=landing-page,Colorado Springs,80919,Dumpster rental service,4.9,678,Both,Qualified,Known franchise dumpster brand + category/name match,Roll-Off Dumpster Rental,High,CO Springs/Pikes Peak,Colorado Springs,Franchise/National Brand,High,Known franchise brand name,B,Qualified + email contact available,Public listing — not yet confirmed by provider,https://www.google.com/maps/search/?api=1\&query=Bin%20There%20Dump%20That%20Colorado%20Springs\&query\_place\_id=ChIJAbj1irhaE4cREPUdwUGCIDU
Bin There Dump That Dumpster Rental,(719) 402-1777,infocos@bintheredumpthat.com,https://www.bintheredumpthat.com/colorado-springs-dumpster-rentals/?utm\_source=google\&utm\_medium=gmb-cos-drennan\&utm\_campaign=landing-page,Colorado Springs,80910,Dumpster rental service,5,11,Both,Qualified,Known franchise dumpster brand + category/name match,Roll-Off Dumpster Rental,High,CO Springs/Pikes Peak,Colorado Springs,Franchise/National Brand,High,Known franchise brand name,B,Qualified + email contact available,Public listing — not yet confirmed by provider,https://www.google.com/maps/search/?api=1\&query=Bin%20There%20Dump%20That%20Dumpster%20Rental\&query\_place\_id=ChIJ5RXrw5tDE4cR1u-sYDZtWdc
Colorado Springs Transfer Station,(719) 390-1859,Helen.Grigg@WasteConnections.com; SpecialWaste4100@wcnx.org,https://www.wasteconnections.com/colorado-springs-transfer,Colorado Springs,80911,Waste management service,2.3,62,Both,Maybe,"""Waste management service"" category — may include roll-off",Possible Waste/Dumpster,Low,CO Springs/Pikes Peak,Colorado Springs,Regional Independent,Medium,State/regional branding in business name,C,Maybe classification + email — verify roll-off service before outreach,Public listing — not yet confirmed by provider,https://www.google.com/maps/search/?api=1\&query=Colorado%20Springs%20Transfer%20Station\&query\_place\_id=ChIJ2bGCkedDE4cRzScdvbrzZ3c
Countrywide Dumpster Rental Colorado Springs,(719) 722-2190,sales@countrywidedumpsterrental.com,https://www.countrywidedumpsterrental.com/colorado-springs-co,Colorado Springs,80903,Waste management service,5,2,Both,Qualified,Roll-off search source + qualifying business name,Roll-Off Dumpster Rental,Medium,CO Springs/Pikes Peak,Colorado Springs,Regional Independent,Medium,State/regional branding in business name,B,Qualified + email contact available,Public listing — not yet confirmed by provider,https://www.google.com/maps/search/?api=1\&query=Countrywide%20Dumpster%20Rental%20Colorado%20Springs\&query\_place\_id=ChIJFeiOAUdHE4cR-KdU\_HDjfTE
Cubic Hauling - Dumpster Rental,(719) 649-1417,info@cubichauling.com,https://www.cubichauling.com/,Colorado Springs,80904,Dumpster rental service,5,187,Both,Qualified,"""Dumpster rental service"" category + roll-off search source",Roll-Off Dumpster Rental,High,CO Springs/Pikes Peak,Colorado Springs,Local Independent,Low,Single-location branding; ownership not independently confirmed,A,Qualified + email + strong reviews (4.5+/30+ or 100+) + local/regional ownership,Public listing — not yet confirmed by provider,https://www.google.com/maps/search/?api=1\&query=Cubic%20Hauling%20-%20Dumpster%20Rental\&query\_place\_id=ChIJr1Q1I4dbE4cRyxOJaZmn1NY
DumpStor of Colorado Springs,(719) 895-3867,coloradosprings@DumpStor.com,https://www.dumpstor.com/colorado-springs-co/,Colorado Springs,80918,Dumpster rental service,5,119,Both,Qualified,"""Dumpster rental service"" category + roll-off search source",Roll-Off Dumpster Rental,High,CO Springs/Pikes Peak,Colorado Springs,Regional Independent,Medium,State/regional branding in business name,A,Qualified + email + strong reviews (4.5+/30+ or 100+) + local/regional ownership,Public listing — not yet confirmed by provider,https://www.google.com/maps/search/?api=1\&query=DumpStor%20of%20Colorado%20Springs\&query\_place\_id=ChIJ4QPdFKyKv6cRVCReyXeNYbc
EZ ROLL OFF SERVICES LLC,(719) 492-2292,ez.roll.off53@gmail.com,https://www.ezrolloffservices.com/,Colorado Springs,80916,Dumpster rental service,4.8,26,Both,Qualified,"""Dumpster rental service"" category + roll-off search source",Roll-Off Dumpster Rental,High,CO Springs/Pikes Peak,Colorado Springs,Local Independent,Low,Single-location branding; ownership not independently confirmed,B,Qualified + email contact available,Public listing — not yet confirmed by provider,https://www.google.com/maps/search/?api=1\&query=EZ%20ROLL%20OFF%20SERVICES%20LLC\&query\_place\_id=ChIJE654UeIURAoRNJJqfjGvVkY
Iron Mountain Demolition & Roll-Off,(719) 634-0611,info@ironmountaincs.com,http://www.ironmountaincs.com/,Colorado Springs,80907,Waste management service,4.1,32,Both,Not Qualified,Business name indicates non-dumpster service,N/A,High,CO Springs/Pikes Peak,Colorado Springs,Local Independent,Low,Single-location branding; ownership not independently confirmed,D,Disqualified — not a roll-off dumpster rental provider,Public listing — not yet confirmed by provider,https://www.google.com/maps/search/?api=1\&query=Iron%20Mountain%20Demolition%20%26%20Roll-Off\&query\_place\_id=ChIJvUFLwuxPE4cRZpnkOYaJcKQ
Junk-N-Haul,(719) 249-0431,info@junknhaul.com,https://junknhaul.com/,Colorado Springs,80920,Debris removal service,4.9,543,Both,Not Qualified,No qualifying dumpster/roll-off signals found,N/A,Low,CO Springs/Pikes Peak,Colorado Springs,Local Independent,Low,Single-location branding; ownership not independently confirmed,D,Disqualified — not a roll-off dumpster rental provider,Public listing — not yet confirmed by provider,https://www.google.com/maps/search/?api=1\&query=Junk-N-Haul\&query\_place\_id=ChIJ8-luOie51KMRJjQ-nNgYJbg
Koscove Metal,(719) 636-3559,info@koscovemetal.com; thecove104@gmail.com,https://koscovemetal.com/,Colorado Springs,80905,Recycling center,4,271,Roll Off Dumpster Rental,Not Qualified,Disqualifying Google category: Recycling center,N/A,High,CO Springs/Pikes Peak,Colorado Springs,Local Independent,Low,Single-location branding; ownership not independently confirmed,D,Disqualified — not a roll-off dumpster rental provider,Public listing — not yet confirmed by provider,https://www.google.com/maps/search/?api=1\&query=Koscove%20Metal\&query\_place\_id=ChIJ83\_Diy9FE4cRpcoanFZJcpQ
"Liberty Disposal, Inc",(719) 399-4267,a.collins@ldi89.com; c.rosa@ldi89.com; j.felker@ldi89.com; j.mallory@ldi89.com; b.davis@ldi89.com; info@ldi89.com,https://www.ldi89.com/,Colorado Springs,80910,Waste management service,1.4,9,Both,Qualified,Roll-off search source + qualifying business name,Roll-Off Dumpster Rental,Medium,CO Springs/Pikes Peak,Colorado Springs,Local Independent,Low,Single-location branding; ownership not independently confirmed,B,Qualified + email contact available,Public listing — not yet confirmed by provider,https://www.google.com/maps/search/?api=1\&query=Liberty%20Disposal%2C%20Inc\&query\_place\_id=ChIJkdFTHPFFE4cRSrbnlojsELA
Moon Junk Removal,(719) 453-8211,CustomerCare@MoonJunkRemoval.com,http://www.moonjunkremoval.com/,Colorado Springs,80903,Junk removal service,4.8,287,Roll Off Dumpster Rental,Qualified,Roll-off search source + qualifying business name,Roll-Off Dumpster Rental,Medium,CO Springs/Pikes Peak,Colorado Springs,Local Independent,Low,Single-location branding; ownership not independently confirmed,A,Qualified + email + strong reviews (4.5+/30+ or 100+) + local/regional ownership,Public listing — not yet confirmed by provider,https://www.google.com/maps/search/?api=1\&query=Moon%20Junk%20Removal\&query\_place\_id=ChIJmQsDRD9t24gRWLQh0SJ8MKk
MOUNTAIN HIGH ROLL-OFFS,(719) 492-1856,info@mountainhighrolloffs.com,https://mountainhighrolloffs.com/,Colorado Springs,80909,Dumpster rental service,5,44,Both,Qualified,"""Dumpster rental service"" category + roll-off search source",Roll-Off Dumpster Rental,High,CO Springs/Pikes Peak,Colorado Springs,Local Independent,Low,Single-location branding; ownership not independently confirmed,A,Qualified + email + strong reviews (4.5+/30+ or 100+) + local/regional ownership,Public listing — not yet confirmed by provider,https://www.google.com/maps/search/?api=1\&query=MOUNTAIN%20HIGH%20ROLL-OFFS\&query\_place\_id=ChIJixqMn1sh5oYRJzq1duzw9GE
NEW Disposal,(719) 799-9639,info@newdisposal.com; billing@newdisposal.com,https://newdisposal.com/,Colorado Springs,80906,Garbage collection service,4.4,19,Both,Not Qualified,Disqualifying Google category: Garbage collection service,N/A,High,CO Springs/Pikes Peak,Colorado Springs,Local Independent,Low,Single-location branding; ownership not independently confirmed,D,Disqualified — not a roll-off dumpster rental provider,Public listing — not yet confirmed by provider,https://www.google.com/maps/search/?api=1\&query=NEW%20Disposal\&query\_place\_id=ChIJS8ieREZFE4cRtFueEY4DItM
Pikes Peak Junk Removal & Hauling,(719) 654-4455,anthony@pikespeakjunkremoval.com,https://www.pikespeakjunkremoval.com/,Colorado Springs,80918,Waste management service,5,330,Roll Off Dumpster Rental,Qualified,Roll-off search source + qualifying business name,Roll-Off Dumpster Rental,Medium,CO Springs/Pikes Peak,Colorado Springs,Local Independent,Low,Single-location branding; ownership not independently confirmed,A,Qualified + email + strong reviews (4.5+/30+ or 100+) + local/regional ownership,Public listing — not yet confirmed by provider,https://www.google.com/maps/search/?api=1\&query=Pikes%20Peak%20Junk%20Removal%20%26%20Hauling\&query\_place\_id=ChIJ5R3cFvtJE4cRqsQZ0BeZxJs
Rapid-ó Rolloff (Colorado Springs),(719) 400-6826,rroffice@rapidorolloff.com,https://rapidorolloff.com/,Colorado Springs,80907,Dumpster rental service,5,2,Both,Qualified,"""Dumpster rental service"" category + roll-off search source",Roll-Off Dumpster Rental,High,CO Springs/Pikes Peak,Colorado Springs,Regional Independent,Medium,State/regional branding in business name,B,Qualified + email contact available,Public listing — not yet confirmed by provider,https://www.google.com/maps/search/?api=1\&query=Rapid-%C3%B3%20Rolloff%20(Colorado%20Springs)\&query\_place\_id=ChIJUSPiSwZPE4cRv8u5gVzSQrA
SOCO Waste,(719) 357-8855,Service@SOCOWaste.com,https://www.socowaste.com/?utm\_source=google\&utm\_medium=organic\&utm\_campaign=GMB,Colorado Springs,80951,Waste management service,4.2,514,Both,Maybe,"""Waste management service"" category — may include roll-off",Possible Waste/Dumpster,Low,CO Springs/Pikes Peak,Colorado Springs,Local Independent,Low,Single-location branding; ownership not independently confirmed,C,Maybe classification + email — verify roll-off service before outreach,Public listing — not yet confirmed by provider,https://www.google.com/maps/search/?api=1\&query=SOCO%20Waste\&query\_place\_id=ChIJ8fZ2\_MNDE4cRcHy4vzLcEKQ
The Good Guys At Earthwise Roll Off Dumpster Rentals,(719) 687-7900,support@proearthwise.com,https://www.thegoodguysatearthwise.com/,Colorado Springs,80910,Dumpster rental service,4.9,504,Both,Qualified,"""Dumpster rental service"" category + roll-off search source",Roll-Off Dumpster Rental,High,CO Springs/Pikes Peak,Colorado Springs,Local Independent,Low,Single-location branding; ownership not independently confirmed,A,Qualified + email + strong reviews (4.5+/30+ or 100+) + local/regional ownership,Public listing — not yet confirmed by provider,https://www.google.com/maps/search/?api=1\&query=The%20Good%20Guys%20At%20Earthwise%20Roll%20Off%20Dumpster%20Rentals\&query\_place\_id=ChIJ2WXwX6daE4cR5BtNV9myCHY
Hillen's Brick Yard,(303) 287-2664,hillen@hillencorp.com,https://www.hillencorp.com/,Commerce City,80022,Demolition contractor,4.5,35,Both,Not Qualified,Disqualifying Google category: Demolition contractor,N/A,High,Denver Metro,Commerce City,Local Independent,Low,Single-location branding; ownership not independently confirmed,D,Disqualified — not a roll-off dumpster rental provider,Public listing — not yet confirmed by provider,https://www.google.com/maps/search/?api=1\&query=Hillen's%20Brick%20Yard\&query\_place\_id=ChIJ8cLwM65wbIcRe2ZYmYhv2wI
Humpty Dump Roll-Offs & Dumpsters,(844) 486-7893,office@humptydumpco.com,http://humptydumpco.com/,Commerce City,80022,Dumpster rental service,4.7,469,Both,Qualified,"""Dumpster rental service"" category + roll-off search source",Roll-Off Dumpster Rental,High,Denver Metro,Commerce City,Local Independent,Low,Single-location branding; ownership not independently confirmed,A,Qualified + email + strong reviews (4.5+/30+ or 100+) + local/regional ownership,Public listing — not yet confirmed by provider,https://www.google.com/maps/search/?api=1\&query=Humpty%20Dump%20Roll-Offs%20%26%20Dumpsters\&query\_place\_id=ChIJTSFIxTJ\_bIcRpDuiHPrdACs
UpWaste Denver Dumpster Rental and Site Services,(720) 303-2181,info.den@cheapwaste.com; info.soflo@cheapwaste.com,https://cheapwaste.com/denver-dumpster-rental?utm\_campaign=SEO\&utm\_medium=website\_click\&utm\_source=GMB\_Denver,Commerce City,80022,Dumpster rental service,5,78,Both,Qualified,"""Dumpster rental service"" category + roll-off search source",Roll-Off Dumpster Rental,High,Denver Metro,Commerce City,Local Independent,Low,Single-location branding; ownership not independently confirmed,A,Qualified + email + strong reviews (4.5+/30+ or 100+) + local/regional ownership,Public listing — not yet confirmed by provider,https://www.google.com/maps/search/?api=1\&query=UpWaste%20Denver%20Dumpster%20Rental%20and%20Site%20Services\&query\_place\_id=ChIJ5XYyvCLuvWcRZOVP-eQLvQo
Countryside Disposal,(970) 565-8180,csd8180@gmail.com,http://www.countrysidedisposal.org/,Cortez,81321,Waste management service,4.8,44,Both,Qualified,Roll-off search source + qualifying business name,Roll-Off Dumpster Rental,Medium,Western Slope,Cortez,Local Independent,Low,Single-location branding; ownership not independently confirmed,A,Qualified + email + strong reviews (4.5+/30+ or 100+) + local/regional ownership,Public listing — not yet confirmed by provider,https://www.google.com/maps/search/?api=1\&query=Countryside%20Disposal\&query\_place\_id=ChIJaxWXTrBlOYcRk\_EvrziNkKY
MDS Waste and Recycle,(719) 658-3060,mdssolidwaste@gmail.com,http://www.mdswasteandrecycle.com/,Creede,81130,Waste management service,3.2,12,Both,Not Qualified,Business name indicates non-dumpster service,N/A,High,CO Springs/Pikes Peak,(719 area code),Local Independent,Low,Single-location branding; ownership not independently confirmed,D,Disqualified — not a roll-off dumpster rental provider,Public listing — not yet confirmed by provider,https://www.google.com/maps/search/?api=1\&query=MDS%20Waste%20and%20Recycle\&query\_place\_id=ChIJTdmo8URHPocRIdlxcu8XeAw
5280 Waste Solutions - Dumpster Rental in Colorado,(720) 809-7694,info@5280waste.com,https://www.5280waste.com/?utm\_campaign=gmb,Denver,80203,Dumpster rental service,4.3,137,Both,Qualified,"""Dumpster rental service"" category + roll-off search source",Roll-Off Dumpster Rental,High,Denver Metro,Denver,Regional Independent,Medium,State/regional branding in business name,A,Qualified + email + strong reviews (4.5+/30+ or 100+) + local/regional ownership,Public listing — not yet confirmed by provider,https://www.google.com/maps/search/?api=1\&query=5280%20Waste%20Solutions%20-%20Dumpster%20Rental%20in%20Colorado\&query\_place\_id=ChIJ27Jtxhl3bIcR-q7F2tj7Bi0
Blue Bear Waste Services,(720) 818-7646,info@bluebearwaste.com,https://bluebearwaste.com/location/colorado/?utm\_source=google\&utm\_medium=organic\&utm\_campaign=gmb,Denver,80229,Dumpster rental service,4.8,83,Both,Qualified,"""Dumpster rental service"" category + roll-off search source",Roll-Off Dumpster Rental,High,Denver Metro,Denver,Local Independent,Low,Single-location branding; ownership not independently confirmed,A,Qualified + email + strong reviews (4.5+/30+ or 100+) + local/regional ownership,Public listing — not yet confirmed by provider,https://www.google.com/maps/search/?api=1\&query=Blue%20Bear%20Waste%20Services\&query\_place\_id=ChIJX6Ij3PssqY4Rex9Hai47jMs
Cook Street Roll Offs & Recycling,(303) 947-4833,office@cookstdenver.com,https://cookstdenver.com/,Denver,80216,Dumpster rental service,5,19,Roll Off Dumpster Rental,Not Qualified,Business name indicates non-dumpster service,N/A,High,Denver Metro,Denver,Local Independent,Low,Single-location branding; ownership not independently confirmed,D,Disqualified — not a roll-off dumpster rental provider,Public listing — not yet confirmed by provider,https://www.google.com/maps/search/?api=1\&query=Cook%20Street%20Roll%20Offs%20%26%20Recycling\&query\_place\_id=ChIJI8v47S15bIcR12Vt-sbYT40
DumpStar,(720) 883-9310,dumpstardenver@gmail.com,https://dumpstardenver.com/,Denver,80223,Waste management service,5,36,Both,Maybe,"""Waste management service"" category — may include roll-off",Possible Waste/Dumpster,Low,Denver Metro,Denver,Local Independent,Low,Single-location branding; ownership not independently confirmed,C,Maybe classification + email — verify roll-off service before outreach,Public listing — not yet confirmed by provider,https://www.google.com/maps/search/?api=1\&query=DumpStar\&query\_place\_id=ChIJzdx0mHLqkKcRmzTseLhAlQg
Garbagio Dumpster Rental Denver,(303) 274-1500,info@garbagio.com,https://garbagio.com/,Denver,80216,Dumpster rental service,4.8,119,Both,Qualified,"""Dumpster rental service"" category + roll-off search source",Roll-Off Dumpster Rental,High,Denver Metro,Denver,Local Independent,Low,Single-location branding; ownership not independently confirmed,A,Qualified + email + strong reviews (4.5+/30+ or 100+) + local/regional ownership,Public listing — not yet confirmed by provider,https://www.google.com/maps/search/?api=1\&query=Garbagio%20Dumpster%20Rental%20Denver\&query\_place\_id=ChIJsW4ZdAp5bIcRq8YMenfLEsM
JDog Junk Removal & Hauling South Denver,(720) 549-0911,centennial@jdog.com,https://www.jdogsouthdenver.com/,Denver,80223,Junk removal service,5,348,Commercial Dumpster Rental,Maybe,Business name suggests dumpster/hauling; category unclear,Possible Dumpster Rental,Low,Denver Metro,Denver,Local Independent,Low,Single-location branding; ownership not independently confirmed,C,Maybe classification + email — verify roll-off service before outreach,Public listing — not yet confirmed by provider,https://www.google.com/maps/search/?api=1\&query=JDog%20Junk%20Removal%20%26%20Hauling%20South%20Denver\&query\_place\_id=ChIJh8iNFHiPbIcRTI2Y5JCrlLI
Junk Be Gone,(720) 583-0979,pickup@junkbegonedenver.com,https://www.junkbegonedenver.com/?utm\_source=google\&utm\_medium=local,Denver,80204,Garbage collection service,5,237,Both,Not Qualified,Disqualifying Google category: Garbage collection service,N/A,High,Denver Metro,Denver,Local Independent,Low,Single-location branding; ownership not independently confirmed,D,Disqualified — not a roll-off dumpster rental provider,Public listing — not yet confirmed by provider,https://www.google.com/maps/search/?api=1\&query=Junk%20Be%20Gone\&query\_place\_id=ChIJK-mEAId-bIcRPIcLkO\_6Re4
"Junkman Enterprises, Inc.",(303) 777-4667,junkmandenver@gmail.com,http://www.junkmanonline.com/,Denver,80223,Waste management service,5,1653,Both,Maybe,"""Waste management service"" category — may include roll-off",Possible Waste/Dumpster,Low,Denver Metro,Denver,Local Independent,Low,Single-location branding; ownership not independently confirmed,C,Maybe classification + email — verify roll-off service before outreach,Public listing — not yet confirmed by provider,https://www.google.com/maps/search/?api=1\&query=Junkman%20Enterprises%2C%20Inc.\&query\_place\_id=ChIJXRvo-QB-bIcRyUrhe1Xfmqc
Massie Dumpster Rental Denver,(303) 228-0165,sales@massiedumpsterrental.com,https://www.massiedumpsterrental.com/denver-co,Denver,80249,Waste management service,4.9,12,Both,Qualified,Roll-off search source + qualifying business name,Roll-Off Dumpster Rental,Medium,Denver Metro,Denver,Local Independent,Low,Single-location branding; ownership not independently confirmed,B,Qualified + email contact available,Public listing — not yet confirmed by provider,https://www.google.com/maps/search/?api=1\&query=Massie%20Dumpster%20Rental%20Denver\&query\_place\_id=ChIJAfUPGLNlbIcRNGP0np7sjl4
McDonald Farms Enterprises,(719) 751-7978,info@mcdonaldfarmsinc.com; grease@mcdonaldfarmsinc.com; dispatch@mcdonaldfarmsinc.com,https://mcdonaldfarmsinc.com/,Denver,80216,Waste management service,3.4,25,Both,Maybe,"""Waste management service"" category — may include roll-off",Possible Waste/Dumpster,Low,Denver Metro,Denver,Local Independent,Low,Single-location branding; ownership not independently confirmed,C,Maybe classification + email — verify roll-off service before outreach,Public listing — not yet confirmed by provider,https://www.google.com/maps/search/?api=1\&query=McDonald%20Farms%20Enterprises\&query\_place\_id=ChIJdUntI6h5bIcRtEH1DfStoPA
Red Rocks Roll-Off Services,(303) 883-6050,info@redrocksrollo.com,https://www.redrocksrollo.com/,Denver,80249,Dumpster rental service,5,80,Both,Qualified,"""Dumpster rental service"" category + roll-off search source",Roll-Off Dumpster Rental,High,Denver Metro,Denver,Local Independent,Low,Single-location branding; ownership not independently confirmed,A,Qualified + email + strong reviews (4.5+/30+ or 100+) + local/regional ownership,Public listing — not yet confirmed by provider,https://www.google.com/maps/search/?api=1\&query=Red%20Rocks%20Roll-Off%20Services\&query\_place\_id=ChIJy30KNWqEKC4RxEQHSDJRR9c
Super junkers,(720) 248-7076,office@superjunkers.com,https://www.superjunkers.com/,Denver,80224,Debris removal service,5,203,Commercial Dumpster Rental,Not Qualified,No qualifying dumpster/roll-off signals found,N/A,Low,Denver Metro,Denver,Local Independent,Low,Single-location branding; ownership not independently confirmed,D,Disqualified — not a roll-off dumpster rental provider,Public listing — not yet confirmed by provider,https://www.google.com/maps/search/?api=1\&query=Super%20junkers\&query\_place\_id=ChIJTwGARll9bIcRKhuARIzxJiY
Custom Disposal LLC,(970) 567-4780,customdisposalllc@gmail.com,http://www.customdisposalllc.com/,Eaton,80615,Waste management service,5,30,Both,Qualified,Roll-off search source + qualifying business name,Roll-Off Dumpster Rental,Medium,Northern Colorado,(970 area code — N.CO or W.Slope),Local Independent,Low,Single-location branding; ownership not independently confirmed,A,Qualified + email + strong reviews (4.5+/30+ or 100+) + local/regional ownership,Public listing — not yet confirmed by provider,https://www.google.com/maps/search/?api=1\&query=Custom%20Disposal%20LLC\&query\_place\_id=ChIJK6iBgNe9bocROue7e-lokHo
Box Brothers Rolloff Services,(303) 465-2100,boxbrothersmarketing@gmail.com; boxbrothersrolloff@gmail.com,http://boxbrothersrolloff.com/,Erie,80516,Dumpster rental service,5,17,Both,Qualified,"""Dumpster rental service"" category + roll-off search source",Roll-Off Dumpster Rental,High,Northern Colorado,Erie,Local Independent,Low,Single-location branding; ownership not independently confirmed,B,Qualified + email contact available,Public listing — not yet confirmed by provider,https://www.google.com/maps/search/?api=1\&query=Box%20Brothers%20Rolloff%20Services\&query\_place\_id=ChIJMTQrNOULbIcR88i3\_ELCF\_g
Erie Recycling Center,(303) 926-2734,ErieRecyclingCenter@erieco.gov; contactus@erieco.gov; artrujillo@homesteadmgmt.com; ksickels@associacolorado.com,https://www.erieco.gov/282/Erie-Recycling-Center,Erie,80516,Recycling center,3.7,31,Commercial Dumpster Rental,Not Qualified,Business name indicates non-dumpster service,N/A,High,Northern Colorado,Erie,Local Independent,Low,Single-location branding; ownership not independently confirmed,D,Disqualified — not a roll-off dumpster rental provider,Public listing — not yet confirmed by provider,https://www.google.com/maps/search/?api=1\&query=Erie%20Recycling%20Center\&query\_place\_id=ChIJh8ki6KD3a4cRqNpY\_807dSk
Good Riddance Disposal,(720) 404-8347,info@goodriddancedumpster.com,https://goodriddancedumpster.com/,Erie,80516,Dumpster rental service,4.6,9,Both,Qualified,"""Dumpster rental service"" category + roll-off search source",Roll-Off Dumpster Rental,High,Northern Colorado,Erie,Local Independent,Low,Single-location branding; ownership not independently confirmed,B,Qualified + email contact available,Public listing — not yet confirmed by provider,https://www.google.com/maps/search/?api=1\&query=Good%20Riddance%20Disposal\&query\_place\_id=ChIJew-4QWILbIcREne\_8aalQl4
Rival Services,(970) 867-9437,info@rivalservices.net,http://www.rivalservices.net/,Evans,80620,Waste management service,,,Roll Off Dumpster Rental,Maybe,Appeared in roll-off search; name/category inconclusive,Possible Roll-Off Rental,Low,Northern Colorado,Evans,Local Independent,Low,Single-location branding; ownership not independently confirmed,C,Maybe classification + email — verify roll-off service before outreach,Public listing — not yet confirmed by provider,https://www.google.com/maps/search/?api=1\&query=Rival%20Services\&query\_place\_id=ChIJs1Gm26ehbocRXWoYJfbpPpE
"Ram Worx, LLC",(719) 373-3299,ram@ramworxllc.com,https://www.ramworxllc.com/,Florissant,80816,Waste management service,5,1,Both,Maybe,"""Waste management service"" category — may include roll-off",Possible Waste/Dumpster,Low,CO Springs/Pikes Peak,(719 area code),Local Independent,Low,Single-location branding; ownership not independently confirmed,C,Maybe classification + email — verify roll-off service before outreach,Public listing — not yet confirmed by provider,https://www.google.com/maps/search/?api=1\&query=Ram%20Worx%2C%20LLC\&query\_place\_id=ChIJuTfD87evYU0REBkx16A7e18
Bin There Dump That,(970) 232-9354,fortcollins@bintheredumpthat.com,https://www.bintheredumpthat.com/fort-collins-northern-colorado-dumpster-rentals/,Fort Collins,80524,Dumpster rental service,5,1017,Both,Qualified,Known franchise dumpster brand + category/name match,Roll-Off Dumpster Rental,High,Northern Colorado,Fort Collins,Franchise/National Brand,High,Known franchise brand name,B,Qualified + email contact available,Public listing — not yet confirmed by provider,https://www.google.com/maps/search/?api=1\&query=Bin%20There%20Dump%20That\&query\_place\_id=ChIJhTABojpNaYcRQJ\_7pzxJaaM
Hagen's Junk Removal,(970) 581-5361,contact@hagensjunkremoval.com,http://hagensjunkremoval.com/?utm\_source=google\&utm\_medium=organic\&utm\_campaign=gmb,Fort Collins,80524,Waste management service,5,188,Both,Qualified,Roll-off search source + qualifying business name,Roll-Off Dumpster Rental,Medium,Northern Colorado,Fort Collins,Local Independent,Low,Single-location branding; ownership not independently confirmed,A,Qualified + email + strong reviews (4.5+/30+ or 100+) + local/regional ownership,Public listing — not yet confirmed by provider,https://www.google.com/maps/search/?api=1\&query=Hagen's%20Junk%20Removal\&query\_place\_id=ChIJ7aJbruE1aYcRVFihmsxxsf4
Ram Waste Systems Inc,(970) 226-3396,CUSTOMERSERVICE5327@WASTECONNECTIONS.COM,https://ramwastesystems.com/,Fort Collins,80525,Waste management service,2.9,584,Both,Maybe,"""Waste management service"" category — may include roll-off",Possible Waste/Dumpster,Low,Northern Colorado,Fort Collins,Local Independent,Low,Single-location branding; ownership not independently confirmed,C,Maybe classification + email — verify roll-off service before outreach,Public listing — not yet confirmed by provider,https://www.google.com/maps/search/?api=1\&query=Ram%20Waste%20Systems%20Inc\&query\_place\_id=ChIJSZZDMItMaYcRqhGlTlvtkFk
redbox+ Dumpsters of Fort Collins,(970) 696-8800,NEDenverCS@redboxplus.com; info@redboxplus.com,https://www.redboxplus.com/fort-collins,Fort Collins,80528,Dumpster rental service,4.9,121,Both,Qualified,Known franchise dumpster brand + category/name match,Roll-Off Dumpster Rental,High,Northern Colorado,Fort Collins,Franchise/National Brand,High,Known franchise brand name,B,Qualified + email contact available,Public listing — not yet confirmed by provider,https://www.google.com/maps/search/?api=1\&query=redbox%2B%20Dumpsters%20of%20Fort%20Collins\&query\_place\_id=ChIJ9VhzfuNVYGERAAODRJrnbUo
Sage Disposal,(970) 556-9351,info@sagedisposal.com,https://www.sagedisposal.com/,Fort Collins,80524,Dumpster rental service,4.8,50,Both,Qualified,"""Dumpster rental service"" category + roll-off search source",Roll-Off Dumpster Rental,High,Northern Colorado,Fort Collins,Local Independent,Low,Single-location branding; ownership not independently confirmed,A,Qualified + email + strong reviews (4.5+/30+ or 100+) + local/regional ownership,Public listing — not yet confirmed by provider,https://www.google.com/maps/search/?api=1\&query=Sage%20Disposal\&query\_place\_id=ChIJlTBYLpetbocRyq3n25TIsCs
Skyline Roll Off Services,(970) 413-8333,skylinerolloffservices@gmail.com,https://dumpster-rental-service.com/,Fort Collins,80528,Dumpster rental service,5,5,Roll Off Dumpster Rental,Qualified,"""Dumpster rental service"" category + roll-off search source",Roll-Off Dumpster Rental,High,Northern Colorado,Fort Collins,Local Independent,Low,Single-location branding; ownership not independently confirmed,B,Qualified + email contact available,Public listing — not yet confirmed by provider,https://www.google.com/maps/search/?api=1\&query=Skyline%20Roll%20Off%20Services\&query\_place\_id=ChIJ4Uo\_qB-zbocRB-zvm9V3gGY
Highlands Waste Solutions,(720) 414-1971,wastesales@sequoyahlg.com,https://www.highlandswastesolutions.com/,Fort Lupton,80621,Waste management service,,,Both,Qualified,Roll-off search source + qualifying business name,Roll-Off Dumpster Rental,Medium,Denver Metro,(303/720 area code),Local Independent,Low,Single-location branding; ownership not independently confirmed,B,Qualified + email contact available,Public listing — not yet confirmed by provider,https://www.google.com/maps/search/?api=1\&query=Highlands%20Waste%20Solutions\&query\_place\_id=ChIJ-fj8nXcTbIcRGRY8r-Q76\_E
Red Iron Rolloffs,(970) 467-4716,dana@redironrolloffs.com,http://www.redironrolloffs.com/,Fort Morgan,80701,Waste management service,5,14,Both,Qualified,Roll-off search source + qualifying business name,Roll-Off Dumpster Rental,Medium,Northern Colorado,(970 area code — N.CO or W.Slope),Local Independent,Low,Single-location branding; ownership not independently confirmed,B,Qualified + email contact available,Public listing — not yet confirmed by provider,https://www.google.com/maps/search/?api=1\&query=Red%20Iron%20Rolloffs\&query\_place\_id=ChIJfaDAFlzpbYcRq1kar6j4nqU
Wolf Waste Removal,(970) 483-5299,office@wolfwaste.com,http://www.wolfwaste.com/,Fort Morgan,80701,Waste management service,3.8,35,Both,Maybe,"""Waste management service"" category — may include roll-off",Possible Waste/Dumpster,Low,Northern Colorado,(970 area code — N.CO or W.Slope),Local Independent,Low,Single-location branding; ownership not independently confirmed,C,Maybe classification + email — verify roll-off service before outreach,Public listing — not yet confirmed by provider,https://www.google.com/maps/search/?api=1\&query=Wolf%20Waste%20Removal\&query\_place\_id=ChIJH6vSIBm\_bYcRHwmtgOqu44Q
FOUNTAIN LANDFILL,(719) 382-9661,Helen.Grigg@WasteConnections.com; SpecialWaste4100@wcnx.org,https://www.wasteconnections.com/fountain-landfill,Fountain,80817,Waste management service,3.2,107,Both,Not Qualified,Business name indicates non-dumpster service,N/A,High,CO Springs/Pikes Peak,Fountain,Local Independent,Low,Single-location branding; ownership not independently confirmed,D,Disqualified — not a roll-off dumpster rental provider,Public listing — not yet confirmed by provider,https://www.google.com/maps/search/?api=1\&query=FOUNTAIN%20LANDFILL\&query\_place\_id=ChIJL4ehLtdrE4cRdeHuH4pOxRo
The Drop,(970) 531-0139,aheon@town.fraser.co.us,https://www.frasercolorado.com/306/Free-Recycling-and-Pay-As-You-Throw-Tras,Fraser,80442,Waste management service,3.9,19,Commercial Dumpster Rental,Maybe,"""Waste management service"" category — may include roll-off",Possible Waste/Dumpster,Low,Northern Colorado,(970 area code — N.CO or W.Slope),Regional Independent,Medium,Regional branding in domain name,C,Maybe classification + email — verify roll-off service before outreach,Public listing — not yet confirmed by provider,https://www.google.com/maps/search/?api=1\&query=The%20Drop\&query\_place\_id=ChIJwYG17dg1aocRFzg-nIX9Twg
McDonald Farms Enterprises,(719) 751-8559,info@mcdonaldfarmsinc.com; grease@mcdonaldfarmsinc.com; dispatch@mcdonaldfarmsinc.com,https://mcdonaldfarmsinc.com/,Frederick,80516,Waste management service,3.4,20,Both,Maybe,"""Waste management service"" category — may include roll-off",Possible Waste/Dumpster,Low,Northern Colorado,Frederick,Local Independent,Low,Single-location branding; ownership not independently confirmed,C,Maybe classification + email — verify roll-off service before outreach,Public listing — not yet confirmed by provider,https://www.google.com/maps/search/?api=1\&query=McDonald%20Farms%20Enterprises\&query\_place\_id=ChIJG6yPSvoIbIcRvKSs4yBvuy0
"Alpine Fire Mitigation, LLC. AFM Roll-Offs",(970) 485-5932,Darrell@afmrolloffs.net,http://afmrolloffs.net/,Frisco,80443,Dumpster rental service,5,10,Both,Qualified,"""Dumpster rental service"" category + roll-off search source",Roll-Off Dumpster Rental,High,Mountain Towns/High Country,Frisco,Local Independent,Low,Single-location branding; ownership not independently confirmed,B,Qualified + email contact available,Public listing — not yet confirmed by provider,https://www.google.com/maps/search/?api=1\&query=Alpine%20Fire%20Mitigation%2C%20LLC.%20AFM%20Roll-Offs\&query\_place\_id=ChIJ\_\_\_\_\_7-KaocRGjSQwJDO77Y
Trust Recycle & Waste,(970) 423-7333,boatx@brixtemplates.com,https://www.trustrw.com/,Frisco,80443,Dumpster rental service,5,2,Both,Not Qualified,Business name indicates non-dumpster service,N/A,High,Mountain Towns/High Country,Frisco,Local Independent,Low,Single-location branding; ownership not independently confirmed,D,Disqualified — not a roll-off dumpster rental provider,Public listing — not yet confirmed by provider,https://www.google.com/maps/search/?api=1\&query=Trust%20Recycle%20%26%20Waste\&query\_place\_id=ChIJZ8kmTgiU34cRYxE9b0BhQWk
Bison Rolloff Dumpster Rentals,(970) 778-0334,bisonrolloffs@gmail.com,https://bisonrolloffs.com/,Fruita,81521,Dumpster rental service,5,29,Both,Qualified,"""Dumpster rental service"" category + roll-off search source",Roll-Off Dumpster Rental,High,Western Slope,Fruita,Local Independent,Low,Single-location branding; ownership not independently confirmed,B,Qualified + email contact available,Public listing — not yet confirmed by provider,https://www.google.com/maps/search/?api=1\&query=Bison%20Rolloff%20Dumpster%20Rentals\&query\_place\_id=ChIJt5v7nNX9RocRROX5VHuxr2o
Chuckin Junk Hauling LLC,(970) 270-3478,contact@chuckinjunk.com,http://chuckinjunk.com/?utm\_source=gmb\&utm\_medium=referral,Fruita,81521,Debris removal service,4.8,22,Roll Off Dumpster Rental,Qualified,Roll-off search source + qualifying business name,Roll-Off Dumpster Rental,Medium,Western Slope,Fruita,Local Independent,Low,Single-location branding; ownership not independently confirmed,B,Qualified + email contact available,Public listing — not yet confirmed by provider,https://www.google.com/maps/search/?api=1\&query=Chuckin%20Junk%20Hauling%20LLC\&query\_place\_id=ChIJPf9O-qUfR4cRbarcfuieZc0
Valley Waste Solutions LLC,(970) 963-3922,Admin@valleywastesolutions.com,http://valleywastesolutions.com/,Glenwood Springs,81601,Waste management service,4.2,5,Commercial Dumpster Rental,Maybe,Waste management category + qualifying name — roll-off unconfirmed,Possible Dumpster/Hauling,Medium,Western Slope,Glenwood Springs,Local Independent,Low,Single-location branding; ownership not independently confirmed,C,Maybe classification + email — verify roll-off service before outreach,Public listing — not yet confirmed by provider,https://www.google.com/maps/search/?api=1\&query=Valley%20Waste%20Solutions%20LLC\&query\_place\_id=ChIJ0YKM2FEJQYcRRSxQcWodoX4
Ranch Creek Waste LLC,(970) 557-4305,josh@ranchcreekwaste.com,http://ranchcreekwaste.com/,Granby,80446,Waste management service,4.7,14,Roll Off Dumpster Rental,Maybe,Appeared in roll-off search; name/category inconclusive,Possible Roll-Off Rental,Low,Northern Colorado,(970 area code — N.CO or W.Slope),Local Independent,Low,Single-location branding; ownership not independently confirmed,C,Maybe classification + email — verify roll-off service before outreach,Public listing — not yet confirmed by provider,https://www.google.com/maps/search/?api=1\&query=Ranch%20Creek%20Waste%20LLC\&query\_place\_id=ChIJnbDf01knaocRmJzmPhChLx4
"Big Foot Roll Off Services, LLC",(970) 361-7150,bigfootrolloff@gmail.com,http://bigfootrolloff.com/,Grand Junction,81501,Waste management service,4.9,37,Both,Qualified,Roll-off search source + qualifying business name,Roll-Off Dumpster Rental,Medium,Western Slope,Grand Junction,Local Independent,Low,Single-location branding; ownership not independently confirmed,A,Qualified + email + strong reviews (4.5+/30+ or 100+) + local/regional ownership,Public listing — not yet confirmed by provider,https://www.google.com/maps/search/?api=1\&query=Big%20Foot%20Roll%20Off%20Services%2C%20LLC\&query\_place\_id=ChIJD3t7KZMdR4cRN4vDjATdaFE
Humpty Dumpsters,(970) 361-6016,office@humptydumpsters.us,http://www.humptydumpsters.us/,Grand Junction,81503,Waste management service,4.3,74,Both,Qualified,Roll-off search source + qualifying business name,Roll-Off Dumpster Rental,Medium,Western Slope,Grand Junction,Local Independent,Low,Single-location branding; ownership not independently confirmed,B,Qualified + email contact available,Public listing — not yet confirmed by provider,https://www.google.com/maps/search/?api=1\&query=Humpty%20Dumpsters\&query\_place\_id=ChIJrQhxfecdR4cRwGEtImtpges
Bin There Dump That Dumpster Rental Greeley,(970) 400-1567,fortcollins@bintheredumpthat.com,https://www.bintheredumpthat.com/fort-collins-northern-colorado-dumpster-rentals/service-areas/greeley/,Greeley,80631,Dumpster rental service,5,12,Both,Qualified,Known franchise dumpster brand + category/name match,Roll-Off Dumpster Rental,High,Northern Colorado,Greeley,Franchise/National Brand,High,Known franchise brand name,B,Qualified + email contact available,Public listing — not yet confirmed by provider,https://www.google.com/maps/search/?api=1\&query=Bin%20There%20Dump%20That%20Dumpster%20Rental%20Greeley\&query\_place\_id=ChIJxfZ28DyhbocRFzhVk\_dT2WY
Norco Enterprises LLC,(970) 324-9588,norcoenterprises1@gmail.com,https://www.facebook.com/NorcoEnterprises/,Greeley,80631,Waste management service,5,20,Both,Maybe,"""Waste management service"" category — may include roll-off",Possible Waste/Dumpster,Low,Northern Colorado,Greeley,Local Independent,Low,Single-location branding; ownership not independently confirmed,C,Maybe classification + email — verify roll-off service before outreach,Public listing — not yet confirmed by provider,https://www.google.com/maps/search/?api=1\&query=Norco%20Enterprises%20LLC\&query\_place\_id=ChIJb4dbrJKhbocRnbh6IdK-YN4
Jeff's Junk Removal,(720) 878-5473,mattplat08@gmail.com,https://www.jeffsjunkremovalco.com/,Greenwood Village,80111,Waste management service,5,194,Commercial Dumpster Rental,Maybe,Waste management category + qualifying name — roll-off unconfirmed,Possible Dumpster/Hauling,Medium,Denver Metro,Greenwood Village,Local Independent,Low,Single-location branding; ownership not independently confirmed,C,Maybe classification + email — verify roll-off service before outreach,Public listing — not yet confirmed by provider,https://www.google.com/maps/search/?api=1\&query=Jeff's%20Junk%20Removal\&query\_place\_id=ChIJn6ByexiHbIcRIxxfiMJxV98
Golden Eagle Trash Service,(970) 641-3230,goldeneagletrash@pcrs.net,http://www.goldeneagletrashservice.com/,Gunnison,81230,Waste management service,3.4,7,Both,Not Qualified,Business name indicates non-dumpster service,N/A,High,Western Slope,Gunnison,Local Independent,Low,Single-location branding; ownership not independently confirmed,D,Disqualified — not a roll-off dumpster rental provider,Public listing — not yet confirmed by provider,https://www.google.com/maps/search/?api=1\&query=Golden%20Eagle%20Trash%20Service\&query\_place\_id=ChIJ\_UyHgU\_eP4cRDPwCHTYSHjw
Gunnison County Landfill,(970) 641-5522,mschmidt@gunnisoncounty.org; publicworks@gunnisoncounty.org; eksmith@gunnisoncounty.org; jhouck@gunnisoncounty.org; ldaniels@gunnisoncounty.org,https://gunnisoncounty.org/169/Solid-Waste-Management,Gunnison,81230,Garbage collection service,4.3,19,Commercial Dumpster Rental,Not Qualified,Business name indicates non-dumpster service,N/A,High,Western Slope,Gunnison,Local Independent,Low,Single-location branding; ownership not independently confirmed,D,Disqualified — not a roll-off dumpster rental provider,Public listing — not yet confirmed by provider,https://www.google.com/maps/search/?api=1\&query=Gunnison%20County%20Landfill\&query\_place\_id=ChIJ80RFfhLsP4cR5by5qSpl0Ms
Gunnison Refuse Department,(970) 641-8020,awilson@gunnisonco.gov; eboucher@gunnisonco.gov; lbuffington@gunnisonco.gov; egarcia@gunnisonco.gov; resqueda@gunnisonco.gov; asinkewich@gunnisonco.gov; hferchau@gunnisonco.gov; bcowan@gunnisonco.gov; staramarcaz@gunnisonco.gov; tshelafo@gunnisonco.gov; mlee@gunnisonco.gov; scostell@gunnisonco.gov; frodriguez@gunnisonco.gov; cwilson@gunnisonco.gov; cortiz@gunnisonco.gov; price@gunnisonco.gov; cmcgowan@gunnisonco.gov; wdowis@gunnisonco.gov; pirby@gunnisonco.gov; jkibler@gunnisonco.gov; cgreen@gunnisonco.gov; nhill@gunnisonco.gov; awolfe@gunnisonco.gov; dgetz@gunnisonco.gov; lstarkebaum@gunnisonco.gov; wbergman@gunnisonco.gov; %20bcowan@gunnisonco.gov,https://www.gunnisonco.gov/departments/public\_works/refuse\_and\_recycling/index.php,Gunnison,81230,Garbage collection service,,,Commercial Dumpster Rental,Not Qualified,Disqualifying Google category: Garbage collection service,N/A,High,Western Slope,Gunnison,Local Independent,Low,Single-location branding; ownership not independently confirmed,D,Disqualified — not a roll-off dumpster rental provider,Public listing — not yet confirmed by provider,https://www.google.com/maps/search/?api=1\&query=Gunnison%20Refuse%20Department\&query\_place\_id=ChIJBT-IaemSP4cRrMGkL0msK0E
Western Sanitation,(970) 710-0363,rentals@westernsanitation.com,https://westernsanitation.com/,Gunnison,81230,Waste management service,4.7,14,Commercial Dumpster Rental,Maybe,"""Waste management service"" category — may include roll-off",Possible Waste/Dumpster,Low,Western Slope,Gunnison,Local Independent,Low,Single-location branding; ownership not independently confirmed,C,Maybe classification + email — verify roll-off service before outreach,Public listing — not yet confirmed by provider,https://www.google.com/maps/search/?api=1\&query=Western%20Sanitation\&query\_place\_id=ChIJBYGzRbFiU2kR\_DdH0K2Wqak
Trinity Recycling,(970) 328-5051,office@trinityrecycle.com,http://trinityrecycle.com/,Gypsum,81637,Recycling center,4.8,93,Both,Not Qualified,Business name indicates non-dumpster service,N/A,High,Northern Colorado,(970 area code — N.CO or W.Slope),Local Independent,Low,Single-location branding; ownership not independently confirmed,D,Disqualified — not a roll-off dumpster rental provider,Public listing — not yet confirmed by provider,https://www.google.com/maps/search/?api=1\&query=Trinity%20Recycling\&query\_place\_id=ChIJvWEU1E7BQYcRNSUi\_3UA\_U8
Empire Demolition & Property Services LLC.,(970) 389-1616,Empireco.demolition@gmail.com,http://www.empiredemolitionps.com/,Idaho Springs,80452,Demolition contractor,5,3,Commercial Dumpster Rental,Not Qualified,Business name indicates non-dumpster service,N/A,High,Mountain Towns/High Country,Idaho Springs,Local Independent,Low,Single-location branding; ownership not independently confirmed,D,Disqualified — not a roll-off dumpster rental provider,Public listing — not yet confirmed by provider,https://www.google.com/maps/search/?api=1\&query=Empire%20Demolition%20%26%20Property%20Services%20LLC.\&query\_place\_id=ChIJnxZut8Wka4cRzI307GtL9Gw
Kens Bins LLC,(970) 769-9435,Ken@kensbinsllc.com,http://kensbinsllc.com/,Ignacio,81137,Waste management service,5,1,Both,Maybe,"""Waste management service"" category — may include roll-off",Possible Waste/Dumpster,Low,Northern Colorado,(970 area code — N.CO or W.Slope),Local Independent,Low,Single-location branding; ownership not independently confirmed,C,Maybe classification + email — verify roll-off service before outreach,Public listing — not yet confirmed by provider,https://www.google.com/maps/search/?api=1\&query=Kens%20Bins%20LLC\&query\_place\_id=ChIJBd8Yec1L26YRpJ13vPWam2E
Hulk Addicts Hauling and Junk Removal,(970) 818-4855,info@hulkaddicts.com,http://hulkaddictsjunk.com/?utm\_source=GMB%2B\&utm\_medium=Website,Johnstown,80534,Garbage collection service,5,256,Both,Not Qualified,Disqualifying Google category: Garbage collection service,N/A,High,Northern Colorado,Johnstown,Local Independent,Low,Single-location branding; ownership not independently confirmed,D,Disqualified — not a roll-off dumpster rental provider,Public listing — not yet confirmed by provider,https://www.google.com/maps/search/?api=1\&query=Hulk%20Addicts%20Hauling%20and%20Junk%20Removal\&query\_place\_id=ChIJoULoDYKtbocRax0n1\_TRn40
G\&A Waste Services LLC,(720) 412-2919,gawasteservices@gmail.com,https://gawasteservices.com/,Keenesburg,80643,Dumpster rental service,5,1,Roll Off Dumpster Rental,Qualified,"""Dumpster rental service"" category + roll-off search source",Roll-Off Dumpster Rental,High,Denver Metro,(303/720 area code),Local Independent,Low,Single-location branding; ownership not independently confirmed,B,Qualified + email contact available,Public listing — not yet confirmed by provider,https://www.google.com/maps/search/?api=1\&query=G%26A%20Waste%20Services%20LLC\&query\_place\_id=ChIJZQ3Fp2NP-mkRBK9gL\_wpo8k
HBS Trash,(720) 547-8600,customerservice@hbstrash.com,https://hbstrash.com/,Kiowa,80117,Waste management service,4.4,200,Both,Maybe,"""Waste management service"" category — may include roll-off",Possible Waste/Dumpster,Low,Denver Metro,(303/720 area code),Local Independent,Low,Single-location branding; ownership not independently confirmed,C,Maybe classification + email — verify roll-off service before outreach,Public listing — not yet confirmed by provider,https://www.google.com/maps/search/?api=1\&query=HBS%20Trash\&query\_place\_id=ChIJCV1DKevDbIcR7jNzFm7TaA0
SP Services,(719) 936-1040,spservicesllc20@gmail.com,http://www.sptrash.com/,La Jara,81140,Waste management service,4.8,52,Both,Maybe,"""Waste management service"" category — may include roll-off",Possible Waste/Dumpster,Low,CO Springs/Pikes Peak,(719 area code),Local Independent,Low,Single-location branding; ownership not independently confirmed,C,Maybe classification + email — verify roll-off service before outreach,Public listing — not yet confirmed by provider,https://www.google.com/maps/search/?api=1\&query=SP%20Services\&query\_place\_id=ChIJ4VPt-D9dFocRD5SI-lTstnc
Bin There Dump That,(303) 406-2741,boulderco@bintheredumpthat.com,https://www.bintheredumpthat.com/boulder-dumpster-rentals/service-areas/lafayette/?utm\_source=GMB-Broomfield\&utm\_medium=GMB-URL\&utm\_campaign=GMB-Broomfield-URL,Lafayette,80026,Dumpster rental service,4.9,53,Both,Qualified,Known franchise dumpster brand + category/name match,Roll-Off Dumpster Rental,High,Northern Colorado,Lafayette,Franchise/National Brand,High,Known franchise brand name,B,Qualified + email contact available,Public listing — not yet confirmed by provider,https://www.google.com/maps/search/?api=1\&query=Bin%20There%20Dump%20That\&query\_place\_id=ChIJ57js6X\_1a4cReOYOC1RebX4
Countrywide Dumpster Rental Lakewood,(720) 807-2770,sales@countrywidedumpsterrental.com,https://www.countrywidedumpsterrental.com/lakewood-co,Lakewood,80226,Waste management service,5,2,Both,Qualified,Roll-off search source + qualifying business name,Roll-Off Dumpster Rental,Medium,Denver Metro,Lakewood,Local Independent,Low,Single-location branding; ownership not independently confirmed,B,Qualified + email contact available,Public listing — not yet confirmed by provider,https://www.google.com/maps/search/?api=1\&query=Countrywide%20Dumpster%20Rental%20Lakewood\&query\_place\_id=ChIJo\_-ILmqBa4cRwjgKxoneJRQ
Green Mountain Movers,(719) 680-1538,aaron@greenmtnmovers.com,https://greenmtnmovers.com/,Lakewood,80215,Waste management service,5,240,Both,Maybe,"""Waste management service"" category — may include roll-off",Possible Waste/Dumpster,Low,Denver Metro,Lakewood,Local Independent,Low,Single-location branding; ownership not independently confirmed,C,Maybe classification + email — verify roll-off service before outreach,Public listing — not yet confirmed by provider,https://www.google.com/maps/search/?api=1\&query=Green%20Mountain%20Movers\&query\_place\_id=ChIJFZy8ewoM1akR4M6J3T\_dJyI
Junk-A-Roos Junk Removal,(720) 967-7783,junkaroos1@gmail.com,https://thejunkaroos.com/,Lakewood,80226,Junk removal service,5,360,Roll Off Dumpster Rental,Qualified,Roll-off search source + qualifying business name,Roll-Off Dumpster Rental,Medium,Denver Metro,Lakewood,Local Independent,Low,Single-location branding; ownership not independently confirmed,A,Qualified + email + strong reviews (4.5+/30+ or 100+) + local/regional ownership,Public listing — not yet confirmed by provider,https://www.google.com/maps/search/?api=1\&query=Junk-A-Roos%20Junk%20Removal\&query\_place\_id=ChIJg\_FFIOCyFw8RQIc72dMG-oM
Leadville Snowy Peaks,(719) 486-5195,snowypeaks80461@gmail.com,http://www.leadvillesnowypeaks.com/,Leadville,80461,Garbage collection service,5,4,Both,Not Qualified,Disqualifying Google category: Garbage collection service,N/A,High,Mountain Towns/High Country,Leadville,Local Independent,Low,Single-location branding; ownership not independently confirmed,D,Disqualified — not a roll-off dumpster rental provider,Public listing — not yet confirmed by provider,https://www.google.com/maps/search/?api=1\&query=Leadville%20Snowy%20Peaks\&query\_place\_id=ChIJDV\_YEUORaocRjbTS9w-3cAQ
Priority Junk Removal,(720) 451-1359,priorityjunkremoval@gmail.com,https://priorityjunkremovals.com/,Littleton,80120,Waste management service,5,189,Both,Qualified,Roll-off search source + qualifying business name,Roll-Off Dumpster Rental,Medium,Denver Metro,Littleton,Local Independent,Low,Single-location branding; ownership not independently confirmed,A,Qualified + email + strong reviews (4.5+/30+ or 100+) + local/regional ownership,Public listing — not yet confirmed by provider,https://www.google.com/maps/search/?api=1\&query=Priority%20Junk%20Removal\&query\_place\_id=ChIJ62GKXNyBbIcRus3Bo4j6P9M
Dumpster Dan,(970) 812-3871,danshillcox@gmail.com,https://dumpstersdan.com/,Loma,81524,Dumpster rental service,5,137,Both,Qualified,"""Dumpster rental service"" category + roll-off search source",Roll-Off Dumpster Rental,High,Northern Colorado,(970 area code — N.CO or W.Slope),Local Independent,Low,Single-location branding; ownership not independently confirmed,A,Qualified + email + strong reviews (4.5+/30+ or 100+) + local/regional ownership,Public listing — not yet confirmed by provider,https://www.google.com/maps/search/?api=1\&query=Dumpster%20Dan\&query\_place\_id=ChIJjQq4\_rf5RocRgo5t0vcFAFw
Bin There Dump That,(303) 529-1335,boulderco@bintheredumpthat.com,https://www.bintheredumpthat.com/boulder-dumpster-rentals/service-areas/longmont/?utm\_source=google\&utm\_medium=landing-page\&utm\_campaign=gmb-boulder,Longmont,80501,Dumpster rental service,5,607,Both,Qualified,Known franchise dumpster brand + category/name match,Roll-Off Dumpster Rental,High,Northern Colorado,Longmont,Franchise/National Brand,High,Known franchise brand name,B,Qualified + email contact available,Public listing — not yet confirmed by provider,https://www.google.com/maps/search/?api=1\&query=Bin%20There%20Dump%20That\&query\_place\_id=ChIJs4pPHsX7a4cRx99sL6vBdeU
City of Longmont Recycling Center,(303) 651-8416,HRsupport@longmontcolorado.gov; levi.brown@longmontcolorado.gov; building.inspection@longmontcolorado.gov; code.enforcement@longmontcolorado.gov; Community.Neighborhood@longmontcolorado.gov; service.works@longmontcolorado.gov; hci@longmontcolorado.gov; longmont.library@longmontcolorado.gov; LHAinfo@longmontcolorado.gov; LPC@longmontcolorado.gov; court@longmontcolorado.gov; museum@longmontcolorado.gov; CustomerService@mynextlight.com; Support@mynextlight.com; longmont.planning@longmontcolorado.gov; PIO@longmontcolorado.gov; public.safety@longmontcolorado.gov; purchasing@longmontcolorado.gov; recsupport@longmontcolorado.gov; senior@longmontcolorado.gov; sustainability@longmontcolorado.gov; sbp@longmontcolorado.gov; utility.billing@longmontcolorado.gov,http://www.longmontcolorado.gov/departments/departments-n-z/waste-services-compost-recycle-trash/longmont-recycling-center,Longmont,80501,Recycling center,4.5,75,Roll Off Dumpster Rental,Not Qualified,Business name indicates non-dumpster service,N/A,High,Northern Colorado,Longmont,Regional Independent,Medium,Regional branding in domain name,D,Disqualified — not a roll-off dumpster rental provider,Public listing — not yet confirmed by provider,https://www.google.com/maps/search/?api=1\&query=City%20of%20Longmont%20Recycling%20Center\&query\_place\_id=ChIJrUi5eab5a4cRrj6x-AgNIR8
Bin There Dump That Dumpster Rental Loveland,(970) 599-7655,fortcollins@bintheredumpthat.com,https://www.bintheredumpthat.com/fort-collins-northern-colorado-dumpster-rentals/service-areas/loveland/?utm\_source=google\&utm\_medium=gmb-fort-collins-loveland\&utm\_campaign=landing-page,Loveland,80537,Waste management service,5,13,Both,Qualified,Known franchise dumpster brand + category/name match,Roll-Off Dumpster Rental,High,Northern Colorado,Loveland,Franchise/National Brand,High,Known franchise brand name,B,Qualified + email contact available,Public listing — not yet confirmed by provider,https://www.google.com/maps/search/?api=1\&query=Bin%20There%20Dump%20That%20Dumpster%20Rental%20Loveland\&query\_place\_id=ChIJ--zqjalTaYcRPiUYS1BLfMs
Blue Tree Resources Excavation & Demolition,(970) 685-2038,bluetreeres@gmail.com,http://www.bluetreeresources.com/,Loveland,80537,Waste management service,5,9,Both,Not Qualified,Business name indicates non-dumpster service,N/A,High,Northern Colorado,Loveland,Local Independent,Low,Single-location branding; ownership not independently confirmed,D,Disqualified — not a roll-off dumpster rental provider,Public listing — not yet confirmed by provider,https://www.google.com/maps/search/?api=1\&query=Blue%20Tree%20Resources%20Excavation%20%26%20Demolition\&query\_place\_id=ChIJtfYlFW6l6YcRwmDijr8jFh8
City Of Loveland Solid Waste Division,(970) 962-2529,PublicWorksInfo@cityofloveland.org; Ben.Reiter@cityofloveland.org; Illianna.Milldrum@cityofloveland.org,http://www.cityofloveland.org/solidwaste,Loveland,80537,Waste management service,4,12,Roll Off Dumpster Rental,Maybe,Appeared in roll-off search; name/category inconclusive,Possible Roll-Off Rental,Low,Northern Colorado,Loveland,Local Independent,Low,Single-location branding; ownership not independently confirmed,C,Maybe classification + email — verify roll-off service before outreach,Public listing — not yet confirmed by provider,https://www.google.com/maps/search/?api=1\&query=City%20Of%20Loveland%20Solid%20Waste%20Division\&query\_place\_id=ChIJVfOzXMVTaYcRJllwC8Wf5KE
"City of Loveland, Recycling Center",(970) 962-2524,Ben.Reiter@cityofloveland.org; Illianna.Milldrum@cityofloveland.org,https://www.lovgov.org/services/public-works/trash-recycling/recycling-center,Loveland,80537,Recycling center,4.7,104,Roll Off Dumpster Rental,Not Qualified,Business name indicates non-dumpster service,N/A,High,Northern Colorado,Loveland,Local Independent,Low,Single-location branding; ownership not independently confirmed,D,Disqualified — not a roll-off dumpster rental provider,Public listing — not yet confirmed by provider,https://www.google.com/maps/search/?api=1\&query=City%20of%20Loveland%2C%20Recycling%20Center\&query\_place\_id=ChIJ9f8JmHtTaYcRcOO-W53-c6w
Red Rhino Dumpster Rental LLC,(970) 803-7275,redrhinodr@gmail.com,https://redrhinodumpster.com/,Loveland,80538,Dumpster rental service,5,3,Commercial Dumpster Rental,Qualified,Google category: Dumpster rental service,Dumpster Rental,High,Northern Colorado,Loveland,Local Independent,Low,Single-location branding; ownership not independently confirmed,B,Qualified + email contact available,Public listing — not yet confirmed by provider,https://www.google.com/maps/search/?api=1\&query=Red%20Rhino%20Dumpster%20Rental%20LLC\&query\_place\_id=ChIJzcMUmDVbuGcRt9pZQA1FOyo
Skyline Roll Off Services,(970) 212-7334,skylinerolloffservices@gmail.com,https://dumpster-rental-service.com/,Loveland,80537,Dumpster rental service,4.9,163,Both,Qualified,"""Dumpster rental service"" category + roll-off search source",Roll-Off Dumpster Rental,High,Northern Colorado,Loveland,Local Independent,Low,Single-location branding; ownership not independently confirmed,A,Qualified + email + strong reviews (4.5+/30+ or 100+) + local/regional ownership,Public listing — not yet confirmed by provider,https://www.google.com/maps/search/?api=1\&query=Skyline%20Roll%20Off%20Services\&query\_place\_id=ChIJAb3ZoigNAaARduzhKp2tEFM
ONE WAY,(303) 823-0556,customersupport@onewaytrash.com,https://onewaytrash.com/,Lyons,80540,Waste management service,2.7,48,Roll Off Dumpster Rental,Maybe,Appeared in roll-off search; name/category inconclusive,Possible Roll-Off Rental,Low,Northern Colorado,Lyons,Local Independent,Low,Single-location branding; ownership not independently confirmed,C,Maybe classification + email — verify roll-off service before outreach,Public listing — not yet confirmed by provider,https://www.google.com/maps/search/?api=1\&query=ONE%20WAY\&query\_place\_id=ChIJ-8FLU8Tha4cR8QfX79Q5me0